1,2016-01-22-46,2.67149622622
2,2016-01-22-46,1.0
3,2016-01-22-46,1.0
4,2016-01-22-46,2.37089216092
5,2016-01-22-46,1.0
6,2016-01-22-46,1.74084583872
7,2016-01-22-46,27.2345846471
8,2016-01-22-46,272.771579179
9,2016-01-22-46,1.0
10,2016-01-22-46,1.0
11,2016-01-22-46,1.0
12,2016-01-22-46,1.32554190096
13,2016-01-22-46,1.0
14,2016-01-22-46,43.2788963828
15,2016-01-22-46,1.0
16,2016-01-22-46,1.0
17,2016-01-22-46,1.0
18,2016-01-22-46,1.0
19,2016-01-22-46,1.00034323898
20,2016-01-22-46,1.0
21,2016-01-22-46,1.0
22,2016-01-22-46,5.49674651271
23,2016-01-22-46,71.5479712955
24,2016-01-22-46,11.8544473752
25,2016-01-22-46,1.0
26,2016-01-22-46,1.0
27,2016-01-22-46,7.49198139971
28,2016-01-22-46,2.47958092096
29,2016-01-22-46,1.0
30,2016-01-22-46,1.0
31,2016-01-22-46,1.64102195782
32,2016-01-22-46,1.0
33,2016-01-22-46,1.0
34,2016-01-22-46,1.0
35,2016-01-22-46,1.0
36,2016-01-22-46,1.32554190096
37,2016-01-22-46,71.5479712955
38,2016-01-22-46,1.0
39,2016-01-22-46,1.0
40,2016-01-22-46,1.0
41,2016-01-22-46,1.00034323898
42,2016-01-22-46,2.37089216092
43,2016-01-22-46,1.0
44,2016-01-22-46,1.0
45,2016-01-22-46,1.0
46,2016-01-22-46,20.1035770994
47,2016-01-22-46,1.0
48,2016-01-22-46,9.1565658492
49,2016-01-22-46,1.0
50,2016-01-22-46,1.0
51,2016-01-22-46,6.93032446307
52,2016-01-22-46,1.0
53,2016-01-22-46,1.0
54,2016-01-22-46,1.0
55,2016-01-22-46,1.0
56,2016-01-22-46,1.0
57,2016-01-22-46,1.0
58,2016-01-22-46,1.0
59,2016-01-22-46,4.21793002367
60,2016-01-22-46,1.0
61,2016-01-22-46,1.0
62,2016-01-22-46,1.00034323898
63,2016-01-22-46,1.0
64,2016-01-22-46,1.0
65,2016-01-22-46,1.0
66,2016-01-22-46,1.0
1,2016-01-22-58,6.4263744211
2,2016-01-22-58,1.0
3,2016-01-22-58,1.0
4,2016-01-22-58,70.9061188711
5,2016-01-22-58,1.34600083638
6,2016-01-22-58,28.8032105073
7,2016-01-22-58,6.51353524315
8,2016-01-22-58,165.86059669
9,2016-01-22-58,3.22859124829
10,2016-01-22-58,5.56000240913
11,2016-01-22-58,1.0
12,2016-01-22-58,3.0905492352
13,2016-01-22-58,6.16113841174
14,2016-01-22-58,4.8510277611
15,2016-01-22-58,1.0
16,2016-01-22-58,6.17264121115
17,2016-01-22-58,1.10903199902
18,2016-01-22-58,3.15751680321
19,2016-01-22-58,1.0
20,2016-01-22-58,4.31410054899
21,2016-01-22-58,1.0
22,2016-01-22-58,6.16113841174
23,2016-01-22-58,89.4227312037
24,2016-01-22-58,87.1196193565
25,2016-01-22-58,41.3331598756
26,2016-01-22-58,71.3398270242
27,2016-01-22-58,6.6605328513
28,2016-01-22-58,6.30813601989
29,2016-01-22-58,5.25641360295
30,2016-01-22-58,1.74084583872
31,2016-01-22-58,3.15751680321
32,2016-01-22-58,1.0
33,2016-01-22-58,1.0
34,2016-01-22-58,1.0
35,2016-01-22-58,1.0
36,2016-01-22-58,1.32554190096
37,2016-01-22-58,336.541958534
38,2016-01-22-58,3.68405422679
39,2016-01-22-58,1.434230661
40,2016-01-22-58,1.62614596627
41,2016-01-22-58,10.6511320786
42,2016-01-22-58,2.77932941799
43,2016-01-22-58,1.0
44,2016-01-22-58,1.02080217439
45,2016-01-22-58,1.0
46,2016-01-22-58,117.341613168
47,2016-01-22-58,2.61595244627
48,2016-01-22-58,6.91589825774
49,2016-01-22-58,1.0
50,2016-01-22-58,1.0
51,2016-01-22-58,6.6605328513
52,2016-01-22-58,1.32554190096
53,2016-01-22-58,12.1618868404
54,2016-01-22-58,1.0
55,2016-01-22-58,1.0
56,2016-01-22-58,1.0
57,2016-01-22-58,2.61595244627
58,2016-01-22-58,1.74084583872
59,2016-01-22-58,1.0
60,2016-01-22-58,1.0
61,2016-01-22-58,1.0
62,2016-01-22-58,1.0
63,2016-01-22-58,1.0
64,2016-01-22-58,1.0
65,2016-01-22-58,2.04144990402
66,2016-01-22-58,1.0
1,2016-01-22-70,1.49398290216
2,2016-01-22-70,1.0
3,2016-01-22-70,1.94944588066
4,2016-01-22-70,6.20150050644
5,2016-01-22-70,1.0
6,2016-01-22-70,16.1323749254
7,2016-01-22-70,3.24599876847
8,2016-01-22-70,53.4437213187
9,2016-01-22-70,1.0
10,2016-01-22-70,1.0
11,2016-01-22-70,1.0
12,2016-01-22-70,1.0
13,2016-01-22-70,1.0
14,2016-01-22-70,1.18203804108
15,2016-01-22-70,1.0
16,2016-01-22-70,2.43960158508
17,2016-01-22-70,1.0
18,2016-01-22-70,1.87544984654
19,2016-01-22-70,1.34600083638
20,2016-01-22-70,2.01969300783
21,2016-01-22-70,1.0
22,2016-01-22-70,12.1618868404
23,2016-01-22-70,53.4437213187
24,2016-01-22-70,56.760040002
25,2016-01-22-70,3.68405422679
26,2016-01-22-70,4.04900277434
27,2016-01-22-70,6.51353524315
28,2016-01-22-70,3.13052857108
29,2016-01-22-70,12.1618868404
30,2016-01-22-70,1.0
31,2016-01-22-70,4.83056882569
32,2016-01-22-70,1.0
33,2016-01-22-70,1.89182921011
34,2016-01-22-70,1.34600083638
35,2016-01-22-70,1.0
36,2016-01-22-70,1.0
37,2016-01-22-70,23.2039666062
38,2016-01-22-70,3.22859124829
39,2016-01-22-70,1.0
40,2016-01-22-70,1.00034323898
41,2016-01-22-70,4.03262341076
42,2016-01-22-70,11.7064238619
43,2016-01-22-70,1.02080217439
44,2016-01-22-70,1.0
45,2016-01-22-70,1.0
46,2016-01-22-70,31.7970444895
47,2016-01-22-70,5.24772279943
48,2016-01-22-70,4.03262341076
49,2016-01-22-70,1.0
50,2016-01-22-70,1.0
51,2016-01-22-70,8.26089404913
52,2016-01-22-70,1.0
53,2016-01-22-70,3.70146174697
54,2016-01-22-70,1.0
55,2016-01-22-70,1.00034323898
56,2016-01-22-70,1.0
57,2016-01-22-70,1.0
58,2016-01-22-70,1.0
59,2016-01-22-70,1.0
60,2016-01-22-70,1.0
61,2016-01-22-70,1.0
62,2016-01-22-70,1.0
63,2016-01-22-70,1.0
64,2016-01-22-70,1.0
65,2016-01-22-70,1.0
66,2016-01-22-70,1.0
1,2016-01-22-82,2.39135109633
2,2016-01-22-82,1.0
3,2016-01-22-82,1.0
4,2016-01-22-82,13.7318441577
5,2016-01-22-82,1.0
6,2016-01-22-82,12.1618868404
7,2016-01-22-82,44.9812850495
8,2016-01-22-82,93.1436705221
9,2016-01-22-82,1.60438907008
10,2016-01-22-82,1.00034323898
11,2016-01-22-82,1.32554190096
12,2016-01-22-82,4.79738125809
13,2016-01-22-82,1.0
14,2016-01-22-82,1.23151509662
15,2016-01-22-82,1.0
16,2016-01-22-82,3.15751680321
17,2016-01-22-82,1.0
18,2016-01-22-82,4.51853408898
19,2016-01-22-82,1.0
20,2016-01-22-82,3.35468752851
21,2016-01-22-82,3.22859124829
22,2016-01-22-82,11.5594262538
23,2016-01-22-82,19.5566040832
24,2016-01-22-82,53.4437213187
25,2016-01-22-82,1.0
26,2016-01-22-82,16.9221858454
27,2016-01-22-82,12.1618868404
28,2016-01-22-82,2.81328731053
29,2016-01-22-82,3.24599876847
30,2016-01-22-82,1.0
31,2016-01-22-82,1.0
32,2016-01-22-82,1.0
33,2016-01-22-82,4.21793002367
34,2016-01-22-82,1.0
35,2016-01-22-82,8.40789165727
36,2016-01-22-82,1.00034323898
37,2016-01-22-82,80.0943292026
38,2016-01-22-82,1.0
39,2016-01-22-82,1.0
40,2016-01-22-82,1.10903199902
41,2016-01-22-82,1.18203804108
42,2016-01-22-82,1.434230661
43,2016-01-22-82,1.0
44,2016-01-22-82,1.0
45,2016-01-22-82,5.54849960973
46,2016-01-22-82,2.48808864855
47,2016-01-22-82,5.24772279943
48,2016-01-22-82,6.6605328513
49,2016-01-22-82,1.0
50,2016-01-22-82,1.0
51,2016-01-22-82,6.30813601989
52,2016-01-22-82,1.0
53,2016-01-22-82,2.20064850852
54,2016-01-22-82,1.0
55,2016-01-22-82,1.0
56,2016-01-22-82,1.0
57,2016-01-22-82,1.0
58,2016-01-22-82,3.15751680321
59,2016-01-22-82,1.0
60,2016-01-22-82,1.0
61,2016-01-22-82,1.0
62,2016-01-22-82,1.0
63,2016-01-22-82,1.0
64,2016-01-22-82,1.0
65,2016-01-22-82,1.87544984654
66,2016-01-22-82,1.0
1,2016-01-22-94,1.93818070298
2,2016-01-22-94,1.0
3,2016-01-22-94,1.0
4,2016-01-22-94,5.25641360295
5,2016-01-22-94,1.0
6,2016-01-22-94,1.32554190096
7,2016-01-22-94,154.024627906
8,2016-01-22-94,105.194286083
9,2016-01-22-94,1.32554190096
10,2016-01-22-94,1.0
11,2016-01-22-94,1.00034323898
12,2016-01-22-94,2.04144990402
13,2016-01-22-94,1.0
14,2016-01-22-94,6.30813601989
15,2016-01-22-94,1.0
16,2016-01-22-94,1.00034323898
17,2016-01-22-94,1.0
18,2016-01-22-94,1.32554190096
19,2016-01-22-94,1.0
20,2016-01-22-94,2.64973933003
21,2016-01-22-94,1.30094730428
22,2016-01-22-94,13.7318441577
23,2016-01-22-94,38.3268951876
24,2016-01-22-94,12.1618868404
25,2016-01-22-94,1.0
26,2016-01-22-94,8.26089404913
27,2016-01-22-94,11.4022504303
28,2016-01-22-94,5.1094159948
29,2016-01-22-94,1.0
30,2016-01-22-94,1.0
31,2016-01-22-94,1.612982041
32,2016-01-22-94,1.0
33,2016-01-22-94,1.0
34,2016-01-22-94,1.0
35,2016-01-22-94,1.10903199902
36,2016-01-22-94,1.00034323898
37,2016-01-22-94,53.4437213187
38,2016-01-22-94,1.0
39,2016-01-22-94,1.0
40,2016-01-22-94,1.0
41,2016-01-22-94,1.32554190096
42,2016-01-22-94,1.00034323898
43,2016-01-22-94,1.00034323898
44,2016-01-22-94,1.0
45,2016-01-22-94,1.0
46,2016-01-22-94,3.26875028903
47,2016-01-22-94,1.37851270477
48,2016-01-22-94,104.812215065
49,2016-01-22-94,1.0
50,2016-01-22-94,1.0
51,2016-01-22-94,96.0787178441
52,2016-01-22-94,1.0
53,2016-01-22-94,1.0
54,2016-01-22-94,1.0
55,2016-01-22-94,1.0
56,2016-01-22-94,1.0
57,2016-01-22-94,1.00034323898
58,2016-01-22-94,1.27919040809
59,2016-01-22-94,1.0
60,2016-01-22-94,1.0
61,2016-01-22-94,1.0
62,2016-01-22-94,1.0
63,2016-01-22-94,1.0
64,2016-01-22-94,1.0
65,2016-01-22-94,1.0
66,2016-01-22-94,1.0
1,2016-01-22-106,5.30137711083
2,2016-01-22-106,1.49398290216
3,2016-01-22-106,3.15943903047
4,2016-01-22-106,10.5821368128
5,2016-01-22-106,1.0
6,2016-01-22-106,1.0
7,2016-01-22-106,477.337054191
8,2016-01-22-106,264.426568065
9,2016-01-22-106,2.22277753056
10,2016-01-22-106,1.0
11,2016-01-22-106,1.78889010854
12,2016-01-22-106,10.4405184791
13,2016-01-22-106,1.0
14,2016-01-22-106,58.7926668238
15,2016-01-22-106,1.0
16,2016-01-22-106,1.0
17,2016-01-22-106,1.0
18,2016-01-22-106,3.66606779821
19,2016-01-22-106,3.43828619959
20,2016-01-22-106,13.1427912453
21,2016-01-22-106,6.8836545829
22,2016-01-22-106,25.236593428
23,2016-01-22-106,170.706968157
24,2016-01-22-106,3.93761995718
25,2016-01-22-106,1.0
26,2016-01-22-106,40.3595220093
27,2016-01-22-106,15.7644709795
28,2016-01-22-106,25.236593428
29,2016-01-22-106,7.1420428166
30,2016-01-22-106,1.0
31,2016-01-22-106,1.91803780399
32,2016-01-22-106,1.0
33,2016-01-22-106,2.11408877052
34,2016-01-22-106,1.0
35,2016-01-22-106,18.9548126672
36,2016-01-22-106,2.13454770593
37,2016-01-22-106,187.479811999
38,2016-01-22-106,1.0
39,2016-01-22-106,1.0
40,2016-01-22-106,2.11408325661
41,2016-01-22-106,1.0
42,2016-01-22-106,5.57922965557
43,2016-01-22-106,3.15943903047
44,2016-01-22-106,1.89757886858
45,2016-01-22-106,1.0
46,2016-01-22-106,9.40398805804
47,2016-01-22-106,1.0
48,2016-01-22-106,399.582291188
49,2016-01-22-106,1.0
50,2016-01-22-106,1.0
51,2016-01-22-106,826.096645889
52,2016-01-22-106,1.0
53,2016-01-22-106,7.28904042475
54,2016-01-22-106,1.0
55,2016-01-22-106,1.0
56,2016-01-22-106,1.0
57,2016-01-22-106,1.0
58,2016-01-22-106,1.0
59,2016-01-22-106,1.0
60,2016-01-22-106,1.0
61,2016-01-22-106,1.0
62,2016-01-22-106,1.78889010854
63,2016-01-22-106,2.90143982613
64,2016-01-22-106,1.0
65,2016-01-22-106,1.0
66,2016-01-22-106,2.47559504886
1,2016-01-22-118,4.6926749116
2,2016-01-22-118,1.66274509554
3,2016-01-22-118,1.0
4,2016-01-22-118,13.5734913081
5,2016-01-22-118,1.0
6,2016-01-22-118,1.0
7,2016-01-22-118,32.2929828317
8,2016-01-22-118,16.7638329959
9,2016-01-22-118,1.24744115779
10,2016-01-22-118,1.0
11,2016-01-22-118,1.0
12,2016-01-22-118,4.9510631453
13,2016-01-22-118,1.0
14,2016-01-22-118,4.63033760506
15,2016-01-22-118,4.1398292805
16,2016-01-22-118,1.0
17,2016-01-22-118,1.0
18,2016-01-22-118,1.0
19,2016-01-22-118,1.0
20,2016-01-22-118,6.75754540823
21,2016-01-22-118,1.26790009321
22,2016-01-22-118,23.0456137567
23,2016-01-22-118,6.14978317039
24,2016-01-22-118,1.10178593475
25,2016-01-22-118,1.0
26,2016-01-22-118,91.7197417971
27,2016-01-22-118,4.15574769948
28,2016-01-22-118,9.90191190334
29,2016-01-22-118,1.0
30,2016-01-22-118,1.0
31,2016-01-22-118,1.66274509554
32,2016-01-22-118,1.0
33,2016-01-22-118,1.0
34,2016-01-22-118,1.0
35,2016-01-22-118,8.24953880777
36,2016-01-22-118,1.0
37,2016-01-22-118,6.00278556224
38,2016-01-22-118,1.0
39,2016-01-22-118,1.49398290216
40,2016-01-22-118,1.0
41,2016-01-22-118,1.0
42,2016-01-22-118,1.24744115779
43,2016-01-22-118,1.0
44,2016-01-22-118,1.0
45,2016-01-22-118,1.0
46,2016-01-22-118,1.57710776755
47,2016-01-22-118,1.0
48,2016-01-22-118,16.7638329959
49,2016-01-22-118,1.0
50,2016-01-22-118,1.0
51,2016-01-22-118,73.0811700089
52,2016-01-22-118,1.0
53,2016-01-22-118,1.35612991783
54,2016-01-22-118,1.0
55,2016-01-22-118,1.0
56,2016-01-22-118,1.0
57,2016-01-22-118,1.0
58,2016-01-22-118,1.0
59,2016-01-22-118,1.0
60,2016-01-22-118,1.0
61,2016-01-22-118,1.0
62,2016-01-22-118,1.35612991783
63,2016-01-22-118,1.0
64,2016-01-22-118,1.0
65,2016-01-22-118,1.0
66,2016-01-22-118,1.0
1,2016-01-22-130,6.14978317039
2,2016-01-22-130,1.24744115779
3,2016-01-22-130,1.0
4,2016-01-22-130,3.11039743953
5,2016-01-22-130,1.0
6,2016-01-22-130,1.0
7,2016-01-22-130,162.302160261
8,2016-01-22-130,183.853014573
9,2016-01-22-130,1.10178593475
10,2016-01-22-130,1.0
11,2016-01-22-130,1.0
12,2016-01-22-130,4.67221597618
13,2016-01-22-130,1.0
14,2016-01-22-130,12.0035339909
15,2016-01-22-130,1.0
16,2016-01-22-130,1.0
17,2016-01-22-130,1.0
18,2016-01-22-130,1.0
19,2016-01-22-130,1.46779311676
20,2016-01-22-130,4.94237234177
21,2016-01-22-130,4.38064017489
22,2016-01-22-130,9.90191190334
23,2016-01-22-130,82.9459268821
24,2016-01-22-130,2.5378517031
25,2016-01-22-130,1.0
26,2016-01-22-130,2.51314337671
27,2016-01-22-130,2.02636959784
28,2016-01-22-130,151.034616736
29,2016-01-22-130,1.0
30,2016-01-22-130,1.0
31,2016-01-22-130,1.49398290216
32,2016-01-22-130,1.0
33,2016-01-22-130,1.0
34,2016-01-22-130,1.0
35,2016-01-22-130,1.0
36,2016-01-22-130,1.0
37,2016-01-22-130,23.0456137567
38,2016-01-22-130,2.29279141775
39,2016-01-22-130,3.52570137728
40,2016-01-22-130,1.0
41,2016-01-22-130,1.0
42,2016-01-22-130,1.63497708695
43,2016-01-22-130,1.0
44,2016-01-22-130,1.0
45,2016-01-22-130,1.0
46,2016-01-22-130,6.35518239365
47,2016-01-22-130,1.0
48,2016-01-22-130,168.621553162
49,2016-01-22-130,1.0
50,2016-01-22-130,1.0
51,2016-01-22-130,711.971795436
52,2016-01-22-130,1.0
53,2016-01-22-130,1.0
54,2016-01-22-130,1.0
55,2016-01-22-130,1.0
56,2016-01-22-130,1.66274509554
57,2016-01-22-130,1.0
58,2016-01-22-130,1.0
59,2016-01-22-130,1.35612991783
60,2016-01-22-130,1.66274509554
61,2016-01-22-130,1.0
62,2016-01-22-130,1.66274509554
63,2016-01-22-130,1.0
64,2016-01-22-130,1.0
65,2016-01-22-130,1.0
66,2016-01-22-130,1.0
1,2016-01-22-142,9.29945131669
2,2016-01-22-142,1.24744115779
3,2016-01-22-142,1.0
4,2016-01-22-142,1.0
5,2016-01-22-142,1.0
6,2016-01-22-142,1.0
7,2016-01-22-142,4.30274530763
8,2016-01-22-142,9.90191190334
9,2016-01-22-142,1.0
10,2016-01-22-142,1.0
11,2016-01-22-142,1.0
12,2016-01-22-142,16.3083700174
13,2016-01-22-142,1.0
14,2016-01-22-142,6.04671702329
15,2016-01-22-142,1.0
16,2016-01-22-142,1.0
17,2016-01-22-142,1.0
18,2016-01-22-142,1.68320403096
19,2016-01-22-142,1.0
20,2016-01-22-142,1.94728439703
21,2016-01-22-142,1.52628832691
22,2016-01-22-142,16.3083700174
23,2016-01-22-142,16.7638329959
24,2016-01-22-142,1.05139019127
25,2016-01-22-142,1.0
26,2016-01-22-142,1.66274509554
27,2016-01-22-142,4.63902840859
28,2016-01-22-142,21.8045891456
29,2016-01-22-142,1.0
30,2016-01-22-142,1.0
31,2016-01-22-142,1.66274509554
32,2016-01-22-142,1.0
33,2016-01-22-142,1.0
34,2016-01-22-142,1.0
35,2016-01-22-142,1.0
36,2016-01-22-142,1.0
37,2016-01-22-142,4.41867644962
38,2016-01-22-142,1.0
39,2016-01-22-142,1.45462919149
40,2016-01-22-142,1.66274509554
41,2016-01-22-142,1.0
42,2016-01-22-142,52.0443438581
43,2016-01-22-142,1.0
44,2016-01-22-142,1.0
45,2016-01-22-142,1.0
46,2016-01-22-142,2.5378517031
47,2016-01-22-142,1.0
48,2016-01-22-142,43.5819075889
49,2016-01-22-142,1.0
50,2016-01-22-142,1.0
51,2016-01-22-142,248.086747579
52,2016-01-22-142,1.0
53,2016-01-22-142,1.0
54,2016-01-22-142,1.0
55,2016-01-22-142,1.0
56,2016-01-22-142,1.0
57,2016-01-22-142,1.0
58,2016-01-22-142,1.0
59,2016-01-22-142,1.0
60,2016-01-22-142,1.0
61,2016-01-22-142,1.0
62,2016-01-22-142,1.0
63,2016-01-22-142,1.0
64,2016-01-22-142,1.0
65,2016-01-22-142,1.0
66,2016-01-22-142,1.0
1,2016-01-24-58,1.18203804108
2,2016-01-24-58,1.0
3,2016-01-24-58,1.0
4,2016-01-24-58,1.65735987389
5,2016-01-24-58,1.0
6,2016-01-24-58,8.27066282193
7,2016-01-24-58,16.9221858454
8,2016-01-24-58,49.7955961448
9,2016-01-24-58,1.612982041
10,2016-01-24-58,1.0
11,2016-01-24-58,1.18203804108
12,2016-01-24-58,1.0
13,2016-01-24-58,1.0
14,2016-01-24-58,6.17264121115
15,2016-01-24-58,1.0
16,2016-01-24-58,1.0
17,2016-01-24-58,1.0
18,2016-01-24-58,1.32554190096
19,2016-01-24-58,1.0
20,2016-01-24-58,2.69195516163
21,2016-01-24-58,1.00034323898
22,2016-01-24-58,8.95385412422
23,2016-01-24-58,49.7955961448
24,2016-01-24-58,70.9061188711
25,2016-01-24-58,1.0
26,2016-01-24-58,2.37089216092
27,2016-01-24-58,12.1618868404
28,2016-01-24-58,1.51036226574
29,2016-01-24-58,10.6511320786
30,2016-01-24-58,1.0
31,2016-01-24-58,6.15626184758
32,2016-01-24-58,1.0
33,2016-01-24-58,1.0
34,2016-01-24-58,1.0
35,2016-01-24-58,1.32554190096
36,2016-01-24-58,1.0
37,2016-01-24-58,28.8032105073
38,2016-01-24-58,1.87544984654
39,2016-01-24-58,1.0
40,2016-01-24-58,1.32554190096
41,2016-01-24-58,4.21793002367
42,2016-01-24-58,10.6511320786
43,2016-01-24-58,1.0
44,2016-01-24-58,1.0
45,2016-01-24-58,1.0
46,2016-01-24-58,53.1119148282
47,2016-01-24-58,1.65735987389
48,2016-01-24-58,5.54849960973
49,2016-01-24-58,3.73696803762
50,2016-01-24-58,1.0
51,2016-01-24-58,7.80543107063
52,2016-01-24-58,1.0
53,2016-01-24-58,1.74084583872
54,2016-01-24-58,1.0
55,2016-01-24-58,1.0
56,2016-01-24-58,1.00034323898
57,2016-01-24-58,1.0
58,2016-01-24-58,2.10662170418
59,2016-01-24-58,1.0
60,2016-01-24-58,1.0
61,2016-01-24-58,1.0
62,2016-01-24-58,1.0
63,2016-01-24-58,1.0
64,2016-01-24-58,1.0
65,2016-01-24-58,1.32554190096
66,2016-01-24-58,1.0
1,2016-01-24-70,4.99802536925
2,2016-01-24-70,1.0
3,2016-01-24-70,1.0
4,2016-01-24-70,4.64526221278
5,2016-01-24-70,1.93818070298
6,2016-01-24-70,4.87093092039
7,2016-01-24-70,13.7318441577
8,2016-01-24-70,75.277956783
9,2016-01-24-70,4.23838895909
10,2016-01-24-70,1.0
11,2016-01-24-70,1.32554190096
12,2016-01-24-70,5.38984400006
13,2016-01-24-70,1.76130477413
14,2016-01-24-70,23.2039666062
15,2016-01-24-70,1.0
16,2016-01-24-70,1.434230661
17,2016-01-24-70,1.00034323898
18,2016-01-24-70,1.32554190096
19,2016-01-24-70,1.434230661
20,2016-01-24-70,16.9221858454
21,2016-01-24-70,1.84953459876
22,2016-01-24-70,9.60480177435
23,2016-01-24-70,56.760040002
24,2016-01-24-70,75.277956783
25,2016-01-24-70,1.0
26,2016-01-24-70,28.0346753526
27,2016-01-24-70,16.9221858454
28,2016-01-24-70,12.0148892323
29,2016-01-24-70,9.4578041662
30,2016-01-24-70,1.86999353417
31,2016-01-24-70,1.65735987389
32,2016-01-24-70,1.0
33,2016-01-24-70,1.0
34,2016-01-24-70,1.60438907008
35,2016-01-24-70,1.0
36,2016-01-24-70,1.0
37,2016-01-24-70,149.894732166
38,2016-01-24-70,4.49677719279
39,2016-01-24-70,1.00034323898
40,2016-01-24-70,1.32554190096
41,2016-01-24-70,2.47958092096
42,2016-01-24-70,6.16113841174
43,2016-01-24-70,1.0
44,2016-01-24-70,1.0
45,2016-01-24-70,3.07141542477
46,2016-01-24-70,93.0708563775
47,2016-01-24-70,2.50048224888
48,2016-01-24-70,4.04900277434
49,2016-01-24-70,1.0
50,2016-01-24-70,1.00034323898
51,2016-01-24-70,6.30813601989
52,2016-01-24-70,1.0
53,2016-01-24-70,1.32554190096
54,2016-01-24-70,1.0
55,2016-01-24-70,1.00034323898
56,2016-01-24-70,1.00034323898
57,2016-01-24-70,1.0
58,2016-01-24-70,1.23151509662
59,2016-01-24-70,1.0
60,2016-01-24-70,1.0
61,2016-01-24-70,1.0
62,2016-01-24-70,2.43960158508
63,2016-01-24-70,1.0
64,2016-01-24-70,1.0
65,2016-01-24-70,1.0
66,2016-01-24-70,1.0
1,2016-01-24-82,2.36402548024
2,2016-01-24-82,1.0
3,2016-01-24-82,1.0
4,2016-01-24-82,6.30813601989
5,2016-01-24-82,1.00034323898
6,2016-01-24-82,2.48808864855
7,2016-01-24-82,13.7318441577
8,2016-01-24-82,44.9812850495
9,2016-01-24-82,1.0
10,2016-01-24-82,1.0
11,2016-01-24-82,1.00034323898
12,2016-01-24-82,1.74084583872
13,2016-01-24-82,1.0
14,2016-01-24-82,2.81328731053
15,2016-01-24-82,1.0
16,2016-01-24-82,1.0
17,2016-01-24-82,1.0
18,2016-01-24-82,1.0
19,2016-01-24-82,1.30094730428
20,2016-01-24-82,1.25197403204
21,2016-01-24-82,1.00034323898
22,2016-01-24-82,6.30813601989
23,2016-01-24-82,19.5566040832
24,2016-01-24-82,12.1618868404
25,2016-01-24-82,1.0
26,2016-01-24-82,5.24772279943
27,2016-01-24-82,12.1618868404
28,2016-01-24-82,4.33322747607
29,2016-01-24-82,5.09303663123
30,2016-01-24-82,1.0
31,2016-01-24-82,1.74084583872
32,2016-01-24-82,1.0
33,2016-01-24-82,1.0
34,2016-01-24-82,1.27919040809
35,2016-01-24-82,1.0
36,2016-01-24-82,1.0
37,2016-01-24-82,44.9812850495
38,2016-01-24-82,1.32554190096
39,2016-01-24-82,1.0
40,2016-01-24-82,1.612982041
41,2016-01-24-82,1.0
42,2016-01-24-82,1.00034323898
43,2016-01-24-82,1.00034323898
44,2016-01-24-82,1.0
45,2016-01-24-82,3.26237813205
46,2016-01-24-82,26.8985254129
47,2016-01-24-82,2.12838176787
48,2016-01-24-82,10.9631668153
49,2016-01-24-82,1.0
50,2016-01-24-82,1.0
51,2016-01-24-82,10.0602647528
52,2016-01-24-82,1.0
53,2016-01-24-82,1.0
54,2016-01-24-82,1.0
55,2016-01-24-82,1.0
56,2016-01-24-82,1.0
57,2016-01-24-82,1.0
58,2016-01-24-82,1.0
59,2016-01-24-82,1.32554190096
60,2016-01-24-82,1.0
61,2016-01-24-82,1.0
62,2016-01-24-82,1.00641222376
63,2016-01-24-82,1.00034323898
64,2016-01-24-82,1.02080217439
65,2016-01-24-82,1.0
66,2016-01-24-82,1.0
1,2016-01-24-94,4.23838895909
2,2016-01-24-94,1.0
3,2016-01-24-94,1.0
4,2016-01-24-94,1.63344097641
5,2016-01-24-94,1.0
6,2016-01-24-94,1.0
7,2016-01-24-94,3.54660283378
8,2016-01-24-94,10.0602647528
9,2016-01-24-94,1.0
10,2016-01-24-94,1.00034323898
11,2016-01-24-94,1.0
12,2016-01-24-94,2.81328731053
13,2016-01-24-94,1.0
14,2016-01-24-94,3.28666449866
15,2016-01-24-94,1.0
16,2016-01-24-94,1.0
17,2016-01-24-94,1.0
18,2016-01-24-94,1.0
19,2016-01-24-94,1.0
20,2016-01-24-94,3.15751680321
21,2016-01-24-94,1.0
22,2016-01-24-94,11.4022504303
23,2016-01-24-94,6.6605328513
24,2016-01-24-94,1.434230661
25,2016-01-24-94,1.0
26,2016-01-24-94,1.32554190096
27,2016-01-24-94,12.4012745716
28,2016-01-24-94,4.03262341076
29,2016-01-24-94,1.0
30,2016-01-24-94,1.0
31,2016-01-24-94,1.0
32,2016-01-24-94,1.0
33,2016-01-24-94,1.0
34,2016-01-24-94,1.0
35,2016-01-24-94,1.0
36,2016-01-24-94,1.32554190096
37,2016-01-24-94,3.00398989835
38,2016-01-24-94,1.0
39,2016-01-24-94,1.0
40,2016-01-24-94,1.0
41,2016-01-24-94,1.0
42,2016-01-24-94,2.10563724654
43,2016-01-24-94,1.0
44,2016-01-24-94,1.0
45,2016-01-24-94,1.0
46,2016-01-24-94,1.0
47,2016-01-24-94,1.0
48,2016-01-24-94,12.1618868404
49,2016-01-24-94,1.0
50,2016-01-24-94,1.0
51,2016-01-24-94,7.37136123624
52,2016-01-24-94,1.0
53,2016-01-24-94,1.0
54,2016-01-24-94,1.0
55,2016-01-24-94,1.0
56,2016-01-24-94,1.0
57,2016-01-24-94,1.0
58,2016-01-24-94,1.27919040809
59,2016-01-24-94,1.0
60,2016-01-24-94,1.0
61,2016-01-24-94,1.0
62,2016-01-24-94,1.0
63,2016-01-24-94,1.0
64,2016-01-24-94,1.00034323898
65,2016-01-24-94,1.0
66,2016-01-24-94,1.0
1,2016-01-24-106,7.49443964801
2,2016-01-24-106,1.0
3,2016-01-24-106,1.78889010854
4,2016-01-24-106,1.78889010854
5,2016-01-24-106,1.0
6,2016-01-24-106,1.78889010854
7,2016-01-24-106,8.6931596731
8,2016-01-24-106,8.34076284169
9,2016-01-24-106,1.0
10,2016-01-24-106,1.0
11,2016-01-24-106,1.0
12,2016-01-24-106,4.98297021713
13,2016-01-24-106,1.0
14,2016-01-24-106,1.0
15,2016-01-24-106,1.0
16,2016-01-24-106,1.78889010854
17,2016-01-24-106,1.0
18,2016-01-24-106,1.0
19,2016-01-24-106,2.52939270827
20,2016-01-24-106,1.89757886858
21,2016-01-24-106,6.55116091078
22,2016-01-24-106,25.236593428
23,2016-01-24-106,14.1945136622
24,2016-01-24-106,3.17989796589
25,2016-01-24-106,2.22277753056
26,2016-01-24-106,1.0
27,2016-01-24-106,8.34076284169
28,2016-01-24-106,8.34076284169
29,2016-01-24-106,2.05813464071
30,2016-01-24-106,1.0
31,2016-01-24-106,2.16356031215
32,2016-01-24-106,1.0
33,2016-01-24-106,1.0
34,2016-01-24-106,1.0
35,2016-01-24-106,1.0
36,2016-01-24-106,1.0
37,2016-01-24-106,6.34672737078
38,2016-01-24-106,1.0
39,2016-01-24-106,1.0
40,2016-01-24-106,1.78889010854
41,2016-01-24-106,1.0
42,2016-01-24-106,5.01615778473
43,2016-01-24-106,1.0
44,2016-01-24-106,1.0
45,2016-01-24-106,1.0
46,2016-01-24-106,2.80823987739
47,2016-01-24-106,1.0
48,2016-01-24-106,123.022365164
49,2016-01-24-106,1.0
50,2016-01-24-106,1.0
51,2016-01-24-106,34.483962503
52,2016-01-24-106,1.0
53,2016-01-24-106,1.0
54,2016-01-24-106,1.0
55,2016-01-24-106,1.0
56,2016-01-24-106,1.0
57,2016-01-24-106,1.0
58,2016-01-24-106,1.0
59,2016-01-24-106,1.0
60,2016-01-24-106,1.0
61,2016-01-24-106,1.0
62,2016-01-24-106,4.22491084188
63,2016-01-24-106,1.0
64,2016-01-24-106,1.0
65,2016-01-24-106,1.0
66,2016-01-24-106,1.0
1,2016-01-24-118,6.48039581227
2,2016-01-24-118,1.0
3,2016-01-24-118,1.0
4,2016-01-24-118,2.0502810247
5,2016-01-24-118,1.0
6,2016-01-24-118,1.0
7,2016-01-24-118,5.89971941515
8,2016-01-24-118,4.94237234177
9,2016-01-24-118,1.66274509554
10,2016-01-24-118,1.24744115779
11,2016-01-24-118,1.0
12,2016-01-24-118,2.21559072664
13,2016-01-24-118,1.0
14,2016-01-24-118,3.57861518812
15,2016-01-24-118,1.0
16,2016-01-24-118,1.0
17,2016-01-24-118,1.0
18,2016-01-24-118,1.0
19,2016-01-24-118,1.0
20,2016-01-24-118,3.07941606004
21,2016-01-24-118,4.1398292805
22,2016-01-24-118,19.4773020141
23,2016-01-24-118,4.94237234177
24,2016-01-24-118,6.77197161356
25,2016-01-24-118,1.0
26,2016-01-24-118,1.0
27,2016-01-24-118,3.25739504768
28,2016-01-24-118,6.00278556224
29,2016-01-24-118,1.24744115779
30,2016-01-24-118,1.0
31,2016-01-24-118,2.84563704884
32,2016-01-24-118,1.0
33,2016-01-24-118,1.0
34,2016-01-24-118,1.0
35,2016-01-24-118,1.0
36,2016-01-24-118,1.0
37,2016-01-24-118,1.4750881269
38,2016-01-24-118,1.0
39,2016-01-24-118,1.0
40,2016-01-24-118,1.0
41,2016-01-24-118,1.0
42,2016-01-24-118,1.88047396875
43,2016-01-24-118,1.0
44,2016-01-24-118,1.0
45,2016-01-24-118,1.0
46,2016-01-24-118,1.52628832691
47,2016-01-24-118,1.52628832691
48,2016-01-24-118,4.9510631453
49,2016-01-24-118,1.24744115779
50,2016-01-24-118,1.0
51,2016-01-24-118,19.4773020141
52,2016-01-24-118,1.0
53,2016-01-24-118,1.0
54,2016-01-24-118,1.0
55,2016-01-24-118,1.0
56,2016-01-24-118,1.791892791
57,2016-01-24-118,1.0
58,2016-01-24-118,1.0
59,2016-01-24-118,1.0
60,2016-01-24-118,1.0
61,2016-01-24-118,1.0
62,2016-01-24-118,1.0
63,2016-01-24-118,1.24744115779
64,2016-01-24-118,1.0
65,2016-01-24-118,1.66274509554
66,2016-01-24-118,1.0
1,2016-01-24-130,5.23528784703
2,2016-01-24-130,1.0
3,2016-01-24-130,1.0
4,2016-01-24-130,16.3178218554
5,2016-01-24-130,1.0
6,2016-01-24-130,1.0
7,2016-01-24-130,12.0035339909
8,2016-01-24-130,53.2853684692
9,2016-01-24-130,1.24744115779
10,2016-01-24-130,1.0
11,2016-01-24-130,1.24744115779
12,2016-01-24-130,5.02461280759
13,2016-01-24-130,1.10178593475
14,2016-01-24-130,2.16979783963
15,2016-01-24-130,1.0
16,2016-01-24-130,1.0
17,2016-01-24-130,1.0
18,2016-01-24-130,1.0
19,2016-01-24-130,3.18810482008
20,2016-01-24-130,1.52628832691
21,2016-01-24-130,1.14259445478
22,2016-01-24-130,13.5734913081
23,2016-01-24-130,148.543617586
24,2016-01-24-130,8.27949394261
25,2016-01-24-130,1.0
26,2016-01-24-130,1.0
27,2016-01-24-130,4.40998564609
28,2016-01-24-130,11.8565363828
29,2016-01-24-130,1.7334763606
30,2016-01-24-130,1.0
31,2016-01-24-130,1.0
32,2016-01-24-130,1.0
33,2016-01-24-130,1.0
34,2016-01-24-130,1.0
35,2016-01-24-130,1.0
36,2016-01-24-130,1.0
37,2016-01-24-130,9.90191190334
38,2016-01-24-130,1.0
39,2016-01-24-130,3.95452266759
40,2016-01-24-130,3.35826322915
41,2016-01-24-130,4.1398292805
42,2016-01-24-130,4.41867644962
43,2016-01-24-130,2.29279141775
44,2016-01-24-130,1.0
45,2016-01-24-130,1.0
46,2016-01-24-130,3.89064992483
47,2016-01-24-130,1.0
48,2016-01-24-130,42.7844982755
49,2016-01-24-130,1.0
50,2016-01-24-130,1.0
51,2016-01-24-130,532.703982908
52,2016-01-24-130,1.0
53,2016-01-24-130,1.0
54,2016-01-24-130,1.0
55,2016-01-24-130,1.0
56,2016-01-24-130,3.35826322915
57,2016-01-24-130,1.0
58,2016-01-24-130,1.0
59,2016-01-24-130,1.0
60,2016-01-24-130,1.0
61,2016-01-24-130,1.0
62,2016-01-24-130,1.66274509554
63,2016-01-24-130,1.0
64,2016-01-24-130,1.0
65,2016-01-24-130,1.0
66,2016-01-24-130,1.0
1,2016-01-24-142,8.0006467735
2,2016-01-24-142,1.0
3,2016-01-24-142,1.24744115779
4,2016-01-24-142,1.0
5,2016-01-24-142,1.0
6,2016-01-24-142,1.0
7,2016-01-24-142,3.1678980253
8,2016-01-24-142,2.75820366207
9,2016-01-24-142,1.0
10,2016-01-24-142,1.0
11,2016-01-24-142,1.0
12,2016-01-24-142,2.4219391132
13,2016-01-24-142,1.0
14,2016-01-24-142,3.21723600693
15,2016-01-24-142,1.0
16,2016-01-24-142,1.0
17,2016-01-24-142,1.0
18,2016-01-24-142,6.35518239365
19,2016-01-24-142,1.0
20,2016-01-24-142,3.11039743953
21,2016-01-24-142,1.0
22,2016-01-24-142,6.14978317039
23,2016-01-24-142,11.5480710124
24,2016-01-24-142,2.82517811342
25,2016-01-24-142,1.52628832691
26,2016-01-24-142,1.0
27,2016-01-24-142,7.89195801346
28,2016-01-24-142,18.236277403
29,2016-01-24-142,1.0
30,2016-01-24-142,1.0
31,2016-01-24-142,4.40998564609
32,2016-01-24-142,1.0
33,2016-01-24-142,1.0
34,2016-01-24-142,1.0
35,2016-01-24-142,1.0
36,2016-01-24-142,1.0
37,2016-01-24-142,1.30977842497
38,2016-01-24-142,1.0
39,2016-01-24-142,1.0
40,2016-01-24-142,1.0
41,2016-01-24-142,1.0
42,2016-01-24-142,1.49398290216
43,2016-01-24-142,1.24744115779
44,2016-01-24-142,1.0
45,2016-01-24-142,1.0
46,2016-01-24-142,1.0
47,2016-01-24-142,1.0
48,2016-01-24-142,12.0035339909
49,2016-01-24-142,1.0
50,2016-01-24-142,1.0
51,2016-01-24-142,36.927517727
52,2016-01-24-142,1.0
53,2016-01-24-142,1.24744115779
54,2016-01-24-142,1.0
55,2016-01-24-142,1.66274509554
56,2016-01-24-142,1.0
57,2016-01-24-142,1.0
58,2016-01-24-142,1.0
59,2016-01-24-142,1.0
60,2016-01-24-142,1.0
61,2016-01-24-142,1.0
62,2016-01-24-142,1.0
63,2016-01-24-142,1.0
64,2016-01-24-142,1.0
65,2016-01-24-142,1.0
66,2016-01-24-142,1.0
1,2016-01-26-46,1.0
2,2016-01-26-46,1.0
3,2016-01-26-46,1.0
4,2016-01-26-46,5.28115524002
5,2016-01-26-46,1.19274458517
6,2016-01-26-46,3.15751680321
7,2016-01-26-46,71.5479712955
8,2016-01-26-46,344.054932136
9,2016-01-26-46,1.0
10,2016-01-26-46,1.0
11,2016-01-26-46,1.0
12,2016-01-26-46,2.94476045147
13,2016-01-26-46,1.74084583872
14,2016-01-26-46,43.2788963828
15,2016-01-26-46,1.0
16,2016-01-26-46,1.0
17,2016-01-26-46,1.0
18,2016-01-26-46,1.0
19,2016-01-26-46,1.0
20,2016-01-26-46,1.84953459876
21,2016-01-26-46,1.74084583872
22,2016-01-26-46,5.01489721475
23,2016-01-26-46,251.709030246
24,2016-01-26-46,18.6392865906
25,2016-01-26-46,1.0
26,2016-01-26-46,10.7542378948
27,2016-01-26-46,13.1987346121
28,2016-01-26-46,4.53341008053
29,2016-01-26-46,1.32554190096
30,2016-01-26-46,1.0
31,2016-01-26-46,3.54101988992
32,2016-01-26-46,3.84007385381
33,2016-01-26-46,1.0
34,2016-01-26-46,1.0
35,2016-01-26-46,1.19274458517
36,2016-01-26-46,1.0
37,2016-01-26-46,93.3822067598
38,2016-01-26-46,1.0
39,2016-01-26-46,1.32554190096
40,2016-01-26-46,1.0
41,2016-01-26-46,1.0
42,2016-01-26-46,1.30094730428
43,2016-01-26-46,1.0
44,2016-01-26-46,10.6455491348
45,2016-01-26-46,1.0
46,2016-01-26-46,92.6584940218
47,2016-01-26-46,1.0
48,2016-01-26-46,7.69738062296
49,2016-01-26-46,1.0
50,2016-01-26-46,1.0
51,2016-01-26-46,11.0971125245
52,2016-01-26-46,1.0
53,2016-01-26-46,1.0
54,2016-01-26-46,1.0
55,2016-01-26-46,1.0
56,2016-01-26-46,1.00034323898
57,2016-01-26-46,1.0
58,2016-01-26-46,1.0
59,2016-01-26-46,22.317388
60,2016-01-26-46,1.0
61,2016-01-26-46,1.0
62,2016-01-26-46,1.23151509662
63,2016-01-26-46,1.0
64,2016-01-26-46,1.00034323898
65,2016-01-26-46,1.0
66,2016-01-26-46,1.0
1,2016-01-26-58,5.65718836977
2,2016-01-26-58,1.0
3,2016-01-26-58,1.00034323898
4,2016-01-26-58,70.9061188711
5,2016-01-26-58,1.0
6,2016-01-26-58,28.8032105073
7,2016-01-26-58,27.1745351788
8,2016-01-26-58,265.348265023
9,2016-01-26-58,23.2039666062
10,2016-01-26-58,1.51036226574
11,2016-01-26-58,3.26875028903
12,2016-01-26-58,7.37136123624
13,2016-01-26-58,17.0468702487
14,2016-01-26-58,41.3331598756
15,2016-01-26-58,1.0
16,2016-01-26-58,9.60480177435
17,2016-01-26-58,3.47857980392
18,2016-01-26-58,1.23151509662
19,2016-01-26-58,1.95863963839
20,2016-01-26-58,6.6605328513
21,2016-01-26-58,1.00034323898
22,2016-01-26-58,12.0148892323
23,2016-01-26-58,180.532809542
24,2016-01-26-58,89.4227312037
25,2016-01-26-58,39.1238711016
26,2016-01-26-58,41.0431552907
27,2016-01-26-58,10.0602647528
28,2016-01-26-58,10.0602647528
29,2016-01-26-58,5.1094159948
30,2016-01-26-58,1.0
31,2016-01-26-58,9.30062834268
32,2016-01-26-58,1.23151509662
33,2016-01-26-58,2.08517831113
34,2016-01-26-58,1.0
35,2016-01-26-58,1.0
36,2016-01-26-58,1.0
37,2016-01-26-58,232.724041997
38,2016-01-26-58,7.20917163219
39,2016-01-26-58,1.0
40,2016-01-26-58,1.02080217439
41,2016-01-26-58,12.0148892323
42,2016-01-26-58,4.83056882569
43,2016-01-26-58,1.00034323898
44,2016-01-26-58,1.0
45,2016-01-26-58,1.0
46,2016-01-26-58,117.268799023
47,2016-01-26-58,3.22859124829
48,2016-01-26-58,9.4578041662
49,2016-01-26-58,2.30933726856
50,2016-01-26-58,1.0
51,2016-01-26-58,23.2039666062
52,2016-01-26-58,1.0
53,2016-01-26-58,5.24772279943
54,2016-01-26-58,1.00034323898
55,2016-01-26-58,1.0
56,2016-01-26-58,1.434230661
57,2016-01-26-58,1.0
58,2016-01-26-58,3.15751680321
59,2016-01-26-58,1.00034323898
60,2016-01-26-58,1.0
61,2016-01-26-58,1.0
62,2016-01-26-58,1.0
63,2016-01-26-58,1.0
64,2016-01-26-58,1.0
65,2016-01-26-58,1.02080217439
66,2016-01-26-58,1.0
1,2016-01-26-70,4.8913898558
2,2016-01-26-70,1.0
3,2016-01-26-70,1.10903199902
4,2016-01-26-70,12.0148892323
5,2016-01-26-70,1.94944588066
6,2016-01-26-70,2.36402548024
7,2016-01-26-70,16.9221858454
8,2016-01-26-70,99.7232021796
9,2016-01-26-70,6.30813601989
10,2016-01-26-70,1.0
11,2016-01-26-70,4.48808638926
12,2016-01-26-70,32.4513356812
13,2016-01-26-70,4.00206581228
14,2016-01-26-70,19.5566040832
15,2016-01-26-70,1.0
16,2016-01-26-70,1.0
17,2016-01-26-70,1.25197403204
18,2016-01-26-70,1.00034323898
19,2016-01-26-70,12.1618868404
20,2016-01-26-70,13.5848465495
21,2016-01-26-70,1.434230661
22,2016-01-26-70,12.0148892323
23,2016-01-26-70,150.848714456
24,2016-01-26-70,32.4513356812
25,2016-01-26-70,1.0
26,2016-01-26-70,3.15751680321
27,2016-01-26-70,12.1618868404
28,2016-01-26-70,16.9221858454
29,2016-01-26-70,12.1618868404
30,2016-01-26-70,1.0
31,2016-01-26-70,4.8510277611
32,2016-01-26-70,1.0
33,2016-01-26-70,1.32554190096
34,2016-01-26-70,1.00034323898
35,2016-01-26-70,1.0
36,2016-01-26-70,1.32554190096
37,2016-01-26-70,63.1393309922
38,2016-01-26-70,1.434230661
39,2016-01-26-70,1.0
40,2016-01-26-70,1.0
41,2016-01-26-70,4.83056882569
42,2016-01-26-70,23.2039666062
43,2016-01-26-70,1.0
44,2016-01-26-70,1.0
45,2016-01-26-70,1.0
46,2016-01-26-70,44.9812850495
47,2016-01-26-70,4.57032685508
48,2016-01-26-70,38.3268951876
49,2016-01-26-70,1.0
50,2016-01-26-70,1.0
51,2016-01-26-70,99.7232021796
52,2016-01-26-70,1.0
53,2016-01-26-70,1.32554190096
54,2016-01-26-70,1.0
55,2016-01-26-70,1.0
56,2016-01-26-70,1.0
57,2016-01-26-70,1.0
58,2016-01-26-70,2.06190883943
59,2016-01-26-70,1.0
60,2016-01-26-70,1.0
61,2016-01-26-70,1.0
62,2016-01-26-70,1.0
63,2016-01-26-70,1.0
64,2016-01-26-70,1.0
65,2016-01-26-70,1.0
66,2016-01-26-70,1.0
1,2016-01-26-82,2.50125257382
2,2016-01-26-82,1.0
3,2016-01-26-82,1.18203804108
4,2016-01-26-82,10.0602647528
5,2016-01-26-82,1.18203804108
6,2016-01-26-82,1.0
7,2016-01-26-82,74.26423946
8,2016-01-26-82,149.967546311
9,2016-01-26-82,3.26237813205
10,2016-01-26-82,1.0
11,2016-01-26-82,1.10903199902
12,2016-01-26-82,1.34600083638
13,2016-01-26-82,1.0
14,2016-01-26-82,53.4437213187
15,2016-01-26-82,1.0
16,2016-01-26-82,1.0
17,2016-01-26-82,1.0
18,2016-01-26-82,1.60267166221
19,2016-01-26-82,1.93818070298
20,2016-01-26-82,4.5967751493
21,2016-01-26-82,1.00034323898
22,2016-01-26-82,5.24772279943
23,2016-01-26-82,120.989738342
24,2016-01-26-82,53.4437213187
25,2016-01-26-82,1.0
26,2016-01-26-82,5.24772279943
27,2016-01-26-82,6.6605328513
28,2016-01-26-82,6.30813601989
29,2016-01-26-82,8.40789165727
30,2016-01-26-82,1.0
31,2016-01-26-82,1.51036226574
32,2016-01-26-82,1.0
33,2016-01-26-82,1.45468959642
34,2016-01-26-82,1.02080217439
35,2016-01-26-82,1.0
36,2016-01-26-82,1.0
37,2016-01-26-82,74.554244045
38,2016-01-26-82,2.01969300783
39,2016-01-26-82,2.61595244627
40,2016-01-26-82,5.39364069653
41,2016-01-26-82,1.00034323898
42,2016-01-26-82,12.1618868404
43,2016-01-26-82,1.0
44,2016-01-26-82,1.0
45,2016-01-26-82,1.0
46,2016-01-26-82,44.9812850495
47,2016-01-26-82,1.0
48,2016-01-26-82,99.7232021796
49,2016-01-26-82,1.0
50,2016-01-26-82,1.0
51,2016-01-26-82,176.088253521
52,2016-01-26-82,1.0
53,2016-01-26-82,4.5907857905
54,2016-01-26-82,1.0
55,2016-01-26-82,1.0
56,2016-01-26-82,1.0
57,2016-01-26-82,1.0
58,2016-01-26-82,1.0
59,2016-01-26-82,1.00034323898
60,2016-01-26-82,1.0
61,2016-01-26-82,1.0
62,2016-01-26-82,1.0
63,2016-01-26-82,1.0
64,2016-01-26-82,1.0
65,2016-01-26-82,1.0
66,2016-01-26-82,1.0
1,2016-01-26-94,4.8510277611
2,2016-01-26-94,1.0
3,2016-01-26-94,1.00034323898
4,2016-01-26-94,1.76130477413
5,2016-01-26-94,1.0
6,2016-01-26-94,1.0
7,2016-01-26-94,74.554244045
8,2016-01-26-94,149.894732166
9,2016-01-26-94,4.23838895909
10,2016-01-26-94,1.0
11,2016-01-26-94,1.0
12,2016-01-26-94,4.04900277434
13,2016-01-26-94,1.0
14,2016-01-26-94,28.9113110269
15,2016-01-26-94,1.0
16,2016-01-26-94,1.0
17,2016-01-26-94,1.0
18,2016-01-26-94,1.00034323898
19,2016-01-26-94,1.0
20,2016-01-26-94,2.95034339534
21,2016-01-26-94,1.00034323898
22,2016-01-26-94,19.5566040832
23,2016-01-26-94,178.819296802
24,2016-01-26-94,12.1618868404
25,2016-01-26-94,1.0
26,2016-01-26-94,4.57032685508
27,2016-01-26-94,6.16113841174
28,2016-01-26-94,6.30813601989
29,2016-01-26-94,1.34600083638
30,2016-01-26-94,1.0
31,2016-01-26-94,1.0
32,2016-01-26-94,1.0
33,2016-01-26-94,2.20064850852
34,2016-01-26-94,1.0
35,2016-01-26-94,1.18203804108
36,2016-01-26-94,1.0
37,2016-01-26-94,56.760040002
38,2016-01-26-94,1.30094730428
39,2016-01-26-94,1.0
40,2016-01-26-94,1.0
41,2016-01-26-94,1.0
42,2016-01-26-94,5.84910367503
43,2016-01-26-94,1.93818070298
44,2016-01-26-94,1.0
45,2016-01-26-94,1.23151509662
46,2016-01-26-94,2.67149622622
47,2016-01-26-94,1.10903199902
48,2016-01-26-94,155.404064633
49,2016-01-26-94,1.0
50,2016-01-26-94,1.0
51,2016-01-26-94,224.114325423
52,2016-01-26-94,1.0
53,2016-01-26-94,1.0
54,2016-01-26-94,1.0
55,2016-01-26-94,1.0
56,2016-01-26-94,1.00034323898
57,2016-01-26-94,1.0
58,2016-01-26-94,1.0
59,2016-01-26-94,1.0
60,2016-01-26-94,1.0
61,2016-01-26-94,1.23151509662
62,2016-01-26-94,1.0
63,2016-01-26-94,2.20064850852
64,2016-01-26-94,1.0
65,2016-01-26-94,1.0
66,2016-01-26-94,1.0
1,2016-01-26-106,6.22862720428
2,2016-01-26-106,2.18401924757
3,2016-01-26-106,1.0
4,2016-01-26-106,1.78889010854
5,2016-01-26-106,1.0
6,2016-01-26-106,3.15943903047
7,2016-01-26-106,195.524136475
8,2016-01-26-106,95.1034831993
9,2016-01-26-106,1.0
10,2016-01-26-106,1.0
11,2016-01-26-106,1.0
12,2016-01-26-106,11.9458939665
13,2016-01-26-106,1.0
14,2016-01-26-106,47.0139118713
15,2016-01-26-106,1.0
16,2016-01-26-106,1.0
17,2016-01-26-106,1.0
18,2016-01-26-106,3.17989796589
19,2016-01-26-106,1.0
20,2016-01-26-106,5.26121807008
21,2016-01-26-106,1.0
22,2016-01-26-106,25.236593428
23,2016-01-26-106,158.57970479
24,2016-01-26-106,2.24323646598
25,2016-01-26-106,1.89757886858
26,2016-01-26-106,1.0
27,2016-01-26-106,8.6931596731
28,2016-01-26-106,21.589230905
29,2016-01-26-106,12.7374054034
30,2016-01-26-106,3.15943903047
31,2016-01-26-106,1.0
32,2016-01-26-106,1.0
33,2016-01-26-106,1.0
34,2016-01-26-106,1.0
35,2016-01-26-106,1.80934904395
36,2016-01-26-106,1.78889010854
37,2016-01-26-106,18.6204647257
38,2016-01-26-106,1.0
39,2016-01-26-106,2.11408877052
40,2016-01-26-106,1.0
41,2016-01-26-106,3.03866691971
42,2016-01-26-106,1.0
43,2016-01-26-106,1.0
44,2016-01-26-106,1.0
45,2016-01-26-106,1.0
46,2016-01-26-106,3.67923172348
47,2016-01-26-106,1.0
48,2016-01-26-106,336.783244803
49,2016-01-26-106,1.0
50,2016-01-26-106,1.0
51,2016-01-26-106,582.458066375
52,2016-01-26-106,1.0
53,2016-01-26-106,1.0
54,2016-01-26-106,3.15943903047
55,2016-01-26-106,1.0
56,2016-01-26-106,1.0
57,2016-01-26-106,1.0
58,2016-01-26-106,1.0
59,2016-01-26-106,1.0
60,2016-01-26-106,2.52939270827
61,2016-01-26-106,1.0
62,2016-01-26-106,1.0
63,2016-01-26-106,1.0
64,2016-01-26-106,1.78889010854
65,2016-01-26-106,1.0
66,2016-01-26-106,1.0
1,2016-01-26-118,4.52736520966
2,2016-01-26-118,1.0
3,2016-01-26-118,1.0
4,2016-01-26-118,1.0
5,2016-01-26-118,1.0
6,2016-01-26-118,1.0
7,2016-01-26-118,53.2853684692
8,2016-01-26-118,13.5734913081
9,2016-01-26-118,1.24744115779
10,2016-01-26-118,1.0
11,2016-01-26-118,1.0
12,2016-01-26-118,1.0
13,2016-01-26-118,1.0
14,2016-01-26-118,1.52628832691
15,2016-01-26-118,1.0
16,2016-01-26-118,1.0
17,2016-01-26-118,1.0
18,2016-01-26-118,1.0
19,2016-01-26-118,1.11807542269
20,2016-01-26-118,4.87976204107
21,2016-01-26-118,1.0
22,2016-01-26-118,16.8885173992
23,2016-01-26-118,16.8885173992
24,2016-01-26-118,1.77143385559
25,2016-01-26-118,1.0
26,2016-01-26-118,6.50218000179
27,2016-01-26-118,2.79836270282
28,2016-01-26-118,5.69432019189
29,2016-01-26-118,1.0
30,2016-01-26-118,1.0
31,2016-01-26-118,1.52628832691
32,2016-01-26-118,1.0
33,2016-01-26-118,1.0
34,2016-01-26-118,1.0
35,2016-01-26-118,5.02461280759
36,2016-01-26-118,1.0
37,2016-01-26-118,4.03764753298
38,2016-01-26-118,1.0
39,2016-01-26-118,1.0
40,2016-01-26-118,1.0
41,2016-01-26-118,1.0
42,2016-01-26-118,1.03093125585
43,2016-01-26-118,1.0
44,2016-01-26-118,1.0
45,2016-01-26-118,1.0
46,2016-01-26-118,2.47397896034
47,2016-01-26-118,1.66274509554
48,2016-01-26-118,8.24953880777
49,2016-01-26-118,1.0
50,2016-01-26-118,1.0
51,2016-01-26-118,53.2853684692
52,2016-01-26-118,1.0
53,2016-01-26-118,1.0
54,2016-01-26-118,1.0
55,2016-01-26-118,1.0
56,2016-01-26-118,1.0
57,2016-01-26-118,1.0
58,2016-01-26-118,1.0
59,2016-01-26-118,1.0
60,2016-01-26-118,1.0
61,2016-01-26-118,1.0
62,2016-01-26-118,1.0
63,2016-01-26-118,1.0
64,2016-01-26-118,1.0
65,2016-01-26-118,1.0
66,2016-01-26-118,1.0
1,2016-01-26-130,6.00278556224
2,2016-01-26-130,1.0
3,2016-01-26-130,1.0
4,2016-01-26-130,11.8565363828
5,2016-01-26-130,1.0
6,2016-01-26-130,1.0
7,2016-01-26-130,63.5016747173
8,2016-01-26-130,120.064238107
9,2016-01-26-130,1.0
10,2016-01-26-130,1.26790009321
11,2016-01-26-130,1.24744115779
12,2016-01-26-130,5.45045758485
13,2016-01-26-130,1.0
14,2016-01-26-130,6.35518239365
15,2016-01-26-130,1.0
16,2016-01-26-130,1.0
17,2016-01-26-130,1.0
18,2016-01-26-130,1.0
19,2016-01-26-130,1.0
20,2016-01-26-130,7.21300838673
21,2016-01-26-130,1.0
22,2016-01-26-130,13.5734913081
23,2016-01-26-130,51.2469345447
24,2016-01-26-130,1.24744115779
25,2016-01-26-130,1.0
26,2016-01-26-130,28.4238529985
27,2016-01-26-130,9.90191190334
28,2016-01-26-130,23.0456137567
29,2016-01-26-130,1.24744115779
30,2016-01-26-130,1.0
31,2016-01-26-130,1.0
32,2016-01-26-130,1.0
33,2016-01-26-130,1.0
34,2016-01-26-130,1.45462919149
35,2016-01-26-130,2.78519877754
36,2016-01-26-130,1.66274509554
37,2016-01-26-130,23.0456137567
38,2016-01-26-130,1.0
39,2016-01-26-130,1.0
40,2016-01-26-130,1.0
41,2016-01-26-130,1.0
42,2016-01-26-130,2.75820366207
43,2016-01-26-130,1.88309705451
44,2016-01-26-130,1.0
45,2016-01-26-130,1.0
46,2016-01-26-130,7.05081878268
47,2016-01-26-130,1.0
48,2016-01-26-130,58.4903503603
49,2016-01-26-130,1.0
50,2016-01-26-130,1.0
51,2016-01-26-130,531.30073953
52,2016-01-26-130,1.0
53,2016-01-26-130,1.0
54,2016-01-26-130,1.0
55,2016-01-26-130,1.0
56,2016-01-26-130,1.0
57,2016-01-26-130,1.0
58,2016-01-26-130,1.0
59,2016-01-26-130,1.0
60,2016-01-26-130,1.0
61,2016-01-26-130,1.24744115779
62,2016-01-26-130,1.10178593475
63,2016-01-26-130,1.0
64,2016-01-26-130,1.0
65,2016-01-26-130,1.0
66,2016-01-26-130,1.0
1,2016-01-26-142,4.9510631453
2,2016-01-26-142,1.0
3,2016-01-26-142,1.0
4,2016-01-26-142,1.0
5,2016-01-26-142,1.0
6,2016-01-26-142,1.0
7,2016-01-26-142,3.07023839878
8,2016-01-26-142,9.75491429519
9,2016-01-26-142,1.0
10,2016-01-26-142,1.0
11,2016-01-26-142,1.0
12,2016-01-26-142,15.8846720818
13,2016-01-26-142,1.0
14,2016-01-26-142,1.52628832691
15,2016-01-26-142,1.0
16,2016-01-26-142,1.0
17,2016-01-26-142,1.0
18,2016-01-26-142,1.0
19,2016-01-26-142,3.299768019
20,2016-01-26-142,2.57801074385
21,2016-01-26-142,1.0
22,2016-01-26-142,1.80028678889
23,2016-01-26-142,12.0035339909
24,2016-01-26-142,1.24744115779
25,2016-01-26-142,1.0
26,2016-01-26-142,3.07941606004
27,2016-01-26-142,3.1678980253
28,2016-01-26-142,8.24953880777
29,2016-01-26-142,1.0
30,2016-01-26-142,1.0
31,2016-01-26-142,1.0
32,2016-01-26-142,1.0
33,2016-01-26-142,1.0
34,2016-01-26-142,1.0
35,2016-01-26-142,1.0
36,2016-01-26-142,1.0
37,2016-01-26-142,1.4301101594
38,2016-01-26-142,1.0
39,2016-01-26-142,1.0
40,2016-01-26-142,1.0
41,2016-01-26-142,1.0
42,2016-01-26-142,1.79734910336
43,2016-01-26-142,1.0
44,2016-01-26-142,1.0
45,2016-01-26-142,1.0
46,2016-01-26-142,1.0
47,2016-01-26-142,1.0
48,2016-01-26-142,16.7638329959
49,2016-01-26-142,1.0
50,2016-01-26-142,1.0
51,2016-01-26-142,73.1548665844
52,2016-01-26-142,1.0
53,2016-01-26-142,1.0
54,2016-01-26-142,1.0
55,2016-01-26-142,1.0
56,2016-01-26-142,1.0
57,2016-01-26-142,1.0
58,2016-01-26-142,1.0
59,2016-01-26-142,1.0
60,2016-01-26-142,2.31325035316
61,2016-01-26-142,1.0
62,2016-01-26-142,1.0
63,2016-01-26-142,1.0
64,2016-01-26-142,1.0
65,2016-01-26-142,1.0
66,2016-01-26-142,1.0
1,2016-01-28-58,4.19600038248
2,2016-01-28-58,1.00034323898
3,2016-01-28-58,1.0
4,2016-01-28-58,70.9061188711
5,2016-01-28-58,3.77015560522
6,2016-01-28-58,23.2039666062
7,2016-01-28-58,28.8032105073
8,2016-01-28-58,255.536229218
9,2016-01-28-58,6.30813601989
10,2016-01-28-58,1.0
11,2016-01-28-58,2.25004994597
12,2016-01-28-58,3.83105183494
13,2016-01-28-58,1.0
14,2016-01-28-58,41.3331598756
15,2016-01-28-58,1.0
16,2016-01-28-58,7.22436362809
17,2016-01-28-58,1.0
18,2016-01-28-58,4.21793002367
19,2016-01-28-58,1.0
20,2016-01-28-58,3.83105183494
21,2016-01-28-58,2.12838176787
22,2016-01-28-58,6.16113841174
23,2016-01-28-58,186.366952127
24,2016-01-28-58,95.7958655679
25,2016-01-28-58,39.1238711016
26,2016-01-28-58,13.7318441577
27,2016-01-28-58,12.1618868404
28,2016-01-28-58,10.0602647528
29,2016-01-28-58,3.83105183494
30,2016-01-28-58,1.0
31,2016-01-28-58,3.79061454064
32,2016-01-28-58,1.0
33,2016-01-28-58,1.0
34,2016-01-28-58,1.19832752903
35,2016-01-28-58,1.0
36,2016-01-28-58,1.0
37,2016-01-28-58,212.380348124
38,2016-01-28-58,3.22859124829
39,2016-01-28-58,1.0
40,2016-01-28-58,4.49677719279
41,2016-01-28-58,1.25197403204
42,2016-01-28-58,10.0602647528
43,2016-01-28-58,1.0
44,2016-01-28-58,1.0
45,2016-01-28-58,1.0
46,2016-01-28-58,117.268799023
47,2016-01-28-58,1.00641222376
48,2016-01-28-58,12.1618868404
49,2016-01-28-58,1.74084583872
50,2016-01-28-58,1.00034323898
51,2016-01-28-58,41.3331598756
52,2016-01-28-58,1.0
53,2016-01-28-58,12.1618868404
54,2016-01-28-58,2.35348464073
55,2016-01-28-58,1.0
56,2016-01-28-58,1.0
57,2016-01-28-58,1.0
58,2016-01-28-58,4.21793002367
59,2016-01-28-58,1.0
60,2016-01-28-58,1.0
61,2016-01-28-58,1.32554190096
62,2016-01-28-58,1.0
63,2016-01-28-58,1.0
64,2016-01-28-58,1.0
65,2016-01-28-58,1.0
66,2016-01-28-58,1.0
1,2016-01-28-70,1.612982041
2,2016-01-28-70,1.0
3,2016-01-28-70,1.74084583872
4,2016-01-28-70,1.0
5,2016-01-28-70,1.0
6,2016-01-28-70,1.30094730428
7,2016-01-28-70,17.0468702487
8,2016-01-28-70,74.554244045
9,2016-01-28-70,1.34600083638
10,2016-01-28-70,1.0
11,2016-01-28-70,1.0
12,2016-01-28-70,1.18203804108
13,2016-01-28-70,1.0
14,2016-01-28-70,12.1618868404
15,2016-01-28-70,1.0
16,2016-01-28-70,1.0
17,2016-01-28-70,1.30094730428
18,2016-01-28-70,1.27919040809
19,2016-01-28-70,1.18203804108
20,2016-01-28-70,1.02080217439
21,2016-01-28-70,1.19832752903
22,2016-01-28-70,6.30813601989
23,2016-01-28-70,149.894732166
24,2016-01-28-70,19.6356548636
25,2016-01-28-70,1.0
26,2016-01-28-70,3.13052857108
27,2016-01-28-70,8.40789165727
28,2016-01-28-70,4.60546595283
29,2016-01-28-70,6.6605328513
30,2016-01-28-70,1.0
31,2016-01-28-70,2.21702787209
32,2016-01-28-70,1.0
33,2016-01-28-70,2.39135109633
34,2016-01-28-70,1.0
35,2016-01-28-70,1.00034323898
36,2016-01-28-70,1.0
37,2016-01-28-70,23.2039666062
38,2016-01-28-70,1.434230661
39,2016-01-28-70,1.0
40,2016-01-28-70,1.0
41,2016-01-28-70,1.74084583872
42,2016-01-28-70,8.40789165727
43,2016-01-28-70,1.0
44,2016-01-28-70,1.0
45,2016-01-28-70,1.0
46,2016-01-28-70,9.40931710272
47,2016-01-28-70,5.1829656571
48,2016-01-28-70,10.0602647528
49,2016-01-28-70,1.0
50,2016-01-28-70,1.0
51,2016-01-28-70,179.014639498
52,2016-01-28-70,1.0
53,2016-01-28-70,1.00034323898
54,2016-01-28-70,1.0
55,2016-01-28-70,1.0
56,2016-01-28-70,1.0
57,2016-01-28-70,1.0
58,2016-01-28-70,3.15751680321
59,2016-01-28-70,1.18203804108
60,2016-01-28-70,1.0
61,2016-01-28-70,1.0
62,2016-01-28-70,1.0
63,2016-01-28-70,1.0
64,2016-01-28-70,1.0
65,2016-01-28-70,1.0
66,2016-01-28-70,1.0
1,2016-01-28-82,2.21702787209
2,2016-01-28-82,1.0
3,2016-01-28-82,1.0
4,2016-01-28-82,5.1094159948
5,2016-01-28-82,1.0
6,2016-01-28-82,4.49677719279
7,2016-01-28-82,16.9221858454
8,2016-01-28-82,104.812215065
9,2016-01-28-82,1.10903199902
10,2016-01-28-82,1.0
11,2016-01-28-82,1.0
12,2016-01-28-82,4.1413121708
13,2016-01-28-82,1.0
14,2016-01-28-82,2.48808864855
15,2016-01-28-82,1.0
16,2016-01-28-82,7.99051769204
17,2016-01-28-82,1.74084583872
18,2016-01-28-82,2.32029707313
19,2016-01-28-82,1.00034323898
20,2016-01-28-82,1.10903199902
21,2016-01-28-82,1.0
22,2016-01-28-82,6.30813601989
23,2016-01-28-82,53.4437213187
24,2016-01-28-82,44.9812850495
25,2016-01-28-82,1.0
26,2016-01-28-82,8.40789165727
27,2016-01-28-82,8.26089404913
28,2016-01-28-82,3.22859124829
29,2016-01-28-82,7.22436362809
30,2016-01-28-82,1.0
31,2016-01-28-82,3.43636397232
32,2016-01-28-82,1.0
33,2016-01-28-82,1.0
34,2016-01-28-82,1.32554190096
35,2016-01-28-82,3.85863757049
36,2016-01-28-82,2.37089216092
37,2016-01-28-82,56.760040002
38,2016-01-28-82,1.0
39,2016-01-28-82,1.0
40,2016-01-28-82,4.31410054899
41,2016-01-28-82,1.0
42,2016-01-28-82,1.0
43,2016-01-28-82,1.0
44,2016-01-28-82,1.0
45,2016-01-28-82,1.0
46,2016-01-28-82,6.30813601989
47,2016-01-28-82,3.40937574019
48,2016-01-28-82,7.22436362809
49,2016-01-28-82,1.0
50,2016-01-28-82,2.37089216092
51,2016-01-28-82,26.8985254129
52,2016-01-28-82,2.01969300783
53,2016-01-28-82,4.21793002367
54,2016-01-28-82,1.0
55,2016-01-28-82,1.0
56,2016-01-28-82,1.0
57,2016-01-28-82,1.0
58,2016-01-28-82,1.95863963839
59,2016-01-28-82,1.0
60,2016-01-28-82,1.0
61,2016-01-28-82,1.00034323898
62,2016-01-28-82,1.0
63,2016-01-28-82,1.00034323898
64,2016-01-28-82,1.0
65,2016-01-28-82,1.0
66,2016-01-28-82,1.0
1,2016-01-28-94,4.51853408898
2,2016-01-28-94,1.0
3,2016-01-28-94,1.0
4,2016-01-28-94,3.68405422679
5,2016-01-28-94,1.0
6,2016-01-28-94,1.00034323898
7,2016-01-28-94,74.554244045
8,2016-01-28-94,169.435907719
9,2016-01-28-94,1.0
10,2016-01-28-94,1.0
11,2016-01-28-94,1.0
12,2016-01-28-94,1.00034323898
13,2016-01-28-94,1.87544984654
14,2016-01-28-94,22.1522441893
15,2016-01-28-94,1.0
16,2016-01-28-94,1.00034323898
17,2016-01-28-94,1.0
18,2016-01-28-94,1.00034323898
19,2016-01-28-94,1.32554190096
20,2016-01-28-94,1.62614596627
21,2016-01-28-94,1.32554190096
22,2016-01-28-94,16.9221858454
23,2016-01-28-94,169.508721864
24,2016-01-28-94,5.35042220066
25,2016-01-28-94,1.0
26,2016-01-28-94,2.47958092096
27,2016-01-28-94,6.30813601989
28,2016-01-28-94,6.70522159021
29,2016-01-28-94,1.0
30,2016-01-28-94,1.0
31,2016-01-28-94,1.0
32,2016-01-28-94,1.00034323898
33,2016-01-28-94,1.0
34,2016-01-28-94,1.00034323898
35,2016-01-28-94,1.32554190096
36,2016-01-28-94,2.21702787209
37,2016-01-28-94,56.760040002
38,2016-01-28-94,1.0
39,2016-01-28-94,1.0
40,2016-01-28-94,1.00034323898
41,2016-01-28-94,1.0
42,2016-01-28-94,2.76480024706
43,2016-01-28-94,1.0
44,2016-01-28-94,1.0
45,2016-01-28-94,1.0
46,2016-01-28-94,2.37089216092
47,2016-01-28-94,1.0
48,2016-01-28-94,123.924785664
49,2016-01-28-94,2.37089216092
50,2016-01-28-94,1.0
51,2016-01-28-94,456.08022848
52,2016-01-28-94,1.0
53,2016-01-28-94,2.37089216092
54,2016-01-28-94,1.00034323898
55,2016-01-28-94,1.0
56,2016-01-28-94,1.0
57,2016-01-28-94,1.0
58,2016-01-28-94,1.0
59,2016-01-28-94,1.0
60,2016-01-28-94,1.0
61,2016-01-28-94,1.0
62,2016-01-28-94,1.0
63,2016-01-28-94,1.0
64,2016-01-28-94,1.0
65,2016-01-28-94,1.0
66,2016-01-28-94,1.0
1,2016-01-28-106,5.86367865673
2,2016-01-28-106,1.0
3,2016-01-28-106,1.0
4,2016-01-28-106,4.98297021713
5,2016-01-28-106,1.80934904395
6,2016-01-28-106,1.0
7,2016-01-28-106,155.476605485
8,2016-01-28-106,98.1113446659
9,2016-01-28-106,2.66399671609
10,2016-01-28-106,1.0
11,2016-01-28-106,2.11408877052
12,2016-01-28-106,7.28904042475
13,2016-01-28-106,1.0
14,2016-01-28-106,34.483962503
15,2016-01-28-106,1.0
16,2016-01-28-106,1.0
17,2016-01-28-106,1.0
18,2016-01-28-106,1.0
19,2016-01-28-106,1.0
20,2016-01-28-106,4.84591413233
21,2016-01-28-106,2.11408877052
22,2016-01-28-106,25.236593428
23,2016-01-28-106,178.058336154
24,2016-01-28-106,9.25699044989
25,2016-01-28-106,1.0
26,2016-01-28-106,1.80934904395
27,2016-01-28-106,19.0794970705
28,2016-01-28-106,18.9548126672
29,2016-01-28-106,1.80934904395
30,2016-01-28-106,1.0
31,2016-01-28-106,1.0
32,2016-01-28-106,1.0
33,2016-01-28-106,1.0
34,2016-01-28-106,1.0
35,2016-01-28-106,3.67923172348
36,2016-01-28-106,2.11408877052
37,2016-01-28-106,47.0139118713
38,2016-01-28-106,1.0
39,2016-01-28-106,1.0
40,2016-01-28-106,1.0
41,2016-01-28-106,1.0
42,2016-01-28-106,4.40657039794
43,2016-01-28-106,1.78889010854
44,2016-01-28-106,1.0
45,2016-01-28-106,1.0
46,2016-01-28-106,8.19376523354
47,2016-01-28-106,1.0
48,2016-01-28-106,194.867628397
49,2016-01-28-106,1.0
50,2016-01-28-106,2.11408877052
51,2016-01-28-106,573.715580828
52,2016-01-28-106,1.0
53,2016-01-28-106,1.0
54,2016-01-28-106,1.0
55,2016-01-28-106,1.0
56,2016-01-28-106,5.00647689323
57,2016-01-28-106,1.0
58,2016-01-28-106,1.0
59,2016-01-28-106,1.0
60,2016-01-28-106,1.0
61,2016-01-28-106,1.0
62,2016-01-28-106,1.0
63,2016-01-28-106,1.0
64,2016-01-28-106,1.0
65,2016-01-28-106,1.0
66,2016-01-28-106,1.0
1,2016-01-28-118,4.63902840859
2,2016-01-28-118,1.0
3,2016-01-28-118,1.0
4,2016-01-28-118,12.0035339909
5,2016-01-28-118,1.0
6,2016-01-28-118,1.0
7,2016-01-28-118,91.3376707798
8,2016-01-28-118,78.7432146221
9,2016-01-28-118,1.0
10,2016-01-28-118,1.0
11,2016-01-28-118,1.0
12,2016-01-28-118,1.29826059844
13,2016-01-28-118,1.0
14,2016-01-28-118,6.14978317039
15,2016-01-28-118,1.0
16,2016-01-28-118,1.0
17,2016-01-28-118,1.0
18,2016-01-28-118,1.0
19,2016-01-28-118,1.66274509554
20,2016-01-28-118,4.51867440613
21,2016-01-28-118,1.48825205217
22,2016-01-28-118,9.90191190334
23,2016-01-28-118,53.2853684692
24,2016-01-28-118,1.80028678889
25,2016-01-28-118,1.24744115779
26,2016-01-28-118,23.0456137567
27,2016-01-28-118,9.90191190334
28,2016-01-28-118,6.14978317039
29,2016-01-28-118,1.94159226466
30,2016-01-28-118,1.0
31,2016-01-28-118,1.0
32,2016-01-28-118,1.0
33,2016-01-28-118,1.0
34,2016-01-28-118,1.0
35,2016-01-28-118,13.5734913081
36,2016-01-28-118,1.0
37,2016-01-28-118,12.0035339909
38,2016-01-28-118,1.0
39,2016-01-28-118,1.0
40,2016-01-28-118,1.0
41,2016-01-28-118,1.0
42,2016-01-28-118,3.07941606004
43,2016-01-28-118,1.0
44,2016-01-28-118,1.0
45,2016-01-28-118,1.0
46,2016-01-28-118,4.38064017489
47,2016-01-28-118,1.0
48,2016-01-28-118,23.0456137567
49,2016-01-28-118,1.0
50,2016-01-28-118,1.0
51,2016-01-28-118,186.685824478
52,2016-01-28-118,1.24744115779
53,2016-01-28-118,2.9933146816
54,2016-01-28-118,1.66274509554
55,2016-01-28-118,1.0
56,2016-01-28-118,1.0
57,2016-01-28-118,1.24744115779
58,2016-01-28-118,1.0
59,2016-01-28-118,1.0
60,2016-01-28-118,1.0
61,2016-01-28-118,1.0
62,2016-01-28-118,1.0
63,2016-01-28-118,1.0
64,2016-01-28-118,1.0
65,2016-01-28-118,1.0
66,2016-01-28-118,1.0
1,2016-01-28-130,3.67269898543
2,2016-01-28-130,1.0
3,2016-01-28-130,2.82517811342
4,2016-01-28-130,31.63869164
5,2016-01-28-130,1.0
6,2016-01-28-130,1.0
7,2016-01-28-130,121.854247993
8,2016-01-28-130,208.102229187
9,2016-01-28-130,1.24744115779
10,2016-01-28-130,1.0
11,2016-01-28-130,1.0
12,2016-01-28-130,4.63390697142
13,2016-01-28-130,1.0
14,2016-01-28-130,28.7529581774
15,2016-01-28-130,1.0
16,2016-01-28-130,1.66274509554
17,2016-01-28-130,1.0
18,2016-01-28-130,1.0
19,2016-01-28-130,2.51314337671
20,2016-01-28-130,44.8229322
21,2016-01-28-130,1.35612991783
22,2016-01-28-130,16.7638329959
23,2016-01-28-130,73.0811700089
24,2016-01-28-130,1.16305339019
25,2016-01-28-130,1.0
26,2016-01-28-130,12.0035339909
27,2016-01-28-130,2.47397896034
28,2016-01-28-130,180.37658222
29,2016-01-28-130,1.0
30,2016-01-28-130,1.0
31,2016-01-28-130,1.0
32,2016-01-28-130,1.0
33,2016-01-28-130,1.0
34,2016-01-28-130,3.07941606004
35,2016-01-28-130,4.71257807088
36,2016-01-28-130,1.0
37,2016-01-28-130,44.8229322
38,2016-01-28-130,1.0
39,2016-01-28-130,1.15126299029
40,2016-01-28-130,1.0
41,2016-01-28-130,1.0
42,2016-01-28-130,1.7334763606
43,2016-01-28-130,1.14259445478
44,2016-01-28-130,1.0
45,2016-01-28-130,1.0
46,2016-01-28-130,5.08936994992
47,2016-01-28-130,1.0
48,2016-01-28-130,125.372483225
49,2016-01-28-130,1.0
50,2016-01-28-130,1.0
51,2016-01-28-130,419.273160369
52,2016-01-28-130,1.0
53,2016-01-28-130,1.11807542269
54,2016-01-28-130,1.0
55,2016-01-28-130,1.0
56,2016-01-28-130,1.0
57,2016-01-28-130,1.0
58,2016-01-28-130,1.49398290216
59,2016-01-28-130,1.0
60,2016-01-28-130,1.0
61,2016-01-28-130,1.0
62,2016-01-28-130,1.0
63,2016-01-28-130,1.0
64,2016-01-28-130,1.0
65,2016-01-28-130,1.0
66,2016-01-28-130,1.24744115779
1,2016-01-28-142,21.3667952067
2,2016-01-28-142,1.0
3,2016-01-28-142,1.0
4,2016-01-28-142,1.0
5,2016-01-28-142,1.0
6,2016-01-28-142,1.0
7,2016-01-28-142,16.8885173992
8,2016-01-28-142,8.24953880777
9,2016-01-28-142,1.0
10,2016-01-28-142,1.0
11,2016-01-28-142,1.0
12,2016-01-28-142,30.0002358036
13,2016-01-28-142,1.0
14,2016-01-28-142,1.4750881269
15,2016-01-28-142,1.0
16,2016-01-28-142,1.0
17,2016-01-28-142,1.24744115779
18,2016-01-28-142,1.0
19,2016-01-28-142,1.0
20,2016-01-28-142,1.57710776755
21,2016-01-28-142,1.0
22,2016-01-28-142,12.0035339909
23,2016-01-28-142,26.635297892
24,2016-01-28-142,1.1717219257
25,2016-01-28-142,1.0
26,2016-01-28-142,1.24744115779
27,2016-01-28-142,6.50218000179
28,2016-01-28-142,3.25102289069
29,2016-01-28-142,1.0
30,2016-01-28-142,1.0
31,2016-01-28-142,1.0
32,2016-01-28-142,1.0
33,2016-01-28-142,1.0
34,2016-01-28-142,1.0
35,2016-01-28-142,1.0
36,2016-01-28-142,1.0
37,2016-01-28-142,1.4301101594
38,2016-01-28-142,1.0
39,2016-01-28-142,1.0
40,2016-01-28-142,1.10178593475
41,2016-01-28-142,1.0
42,2016-01-28-142,2.75820366207
43,2016-01-28-142,1.0
44,2016-01-28-142,1.0
45,2016-01-28-142,1.0
46,2016-01-28-142,1.74664028587
47,2016-01-28-142,1.24744115779
48,2016-01-28-142,16.7638329959
49,2016-01-28-142,1.0
50,2016-01-28-142,1.0
51,2016-01-28-142,194.558648556
52,2016-01-28-142,1.0
53,2016-01-28-142,1.0
54,2016-01-28-142,1.0
55,2016-01-28-142,1.0
56,2016-01-28-142,1.0
57,2016-01-28-142,4.1398292805
58,2016-01-28-142,1.0
59,2016-01-28-142,1.0
60,2016-01-28-142,1.0
61,2016-01-28-142,1.0
62,2016-01-28-142,1.0
63,2016-01-28-142,1.0
64,2016-01-28-142,1.0
65,2016-01-28-142,1.0
66,2016-01-28-142,1.0
1,2016-01-30-46,24.0756301897
2,2016-01-30-46,1.0
3,2016-01-30-46,1.00034323898
4,2016-01-30-46,6.04079165018
5,2016-01-30-46,1.0
6,2016-01-30-46,4.88580691194
7,2016-01-30-46,14.9156895375
8,2016-01-30-46,59.6176432507
9,2016-01-30-46,1.75997964914
10,2016-01-30-46,1.74084583872
11,2016-01-30-46,6.73234498954
12,2016-01-30-46,13.1987346121
13,2016-01-30-46,1.0
14,2016-01-30-46,34.9484176277
15,2016-01-30-46,1.0
16,2016-01-30-46,1.84953459876
17,2016-01-30-46,1.0
18,2016-01-30-46,1.57421152954
19,2016-01-30-46,2.40164282562
20,2016-01-30-46,6.43156817924
21,2016-01-30-46,5.58175930532
22,2016-01-30-46,1.68290028958
23,2016-01-30-46,71.5479712955
24,2016-01-30-46,34.9484176277
25,2016-01-30-46,1.0
26,2016-01-30-46,7.84437823111
27,2016-01-30-46,7.34498379156
28,2016-01-30-46,31.338500739
29,2016-01-30-46,5.75683394765
30,2016-01-30-46,1.0
31,2016-01-30-46,1.0
32,2016-01-30-46,1.0
33,2016-01-30-46,1.00034323898
34,2016-01-30-46,1.0
35,2016-01-30-46,1.0
36,2016-01-30-46,11.9571182183
37,2016-01-30-46,27.6439419323
38,2016-01-30-46,1.62614596627
39,2016-01-30-46,1.0
40,2016-01-30-46,1.32554190096
41,2016-01-30-46,1.80538338718
42,2016-01-30-46,22.2132969075
43,2016-01-30-46,1.32554190096
44,2016-01-30-46,1.0
45,2016-01-30-46,1.0
46,2016-01-30-46,34.9484176277
47,2016-01-30-46,1.00034323898
48,2016-01-30-46,71.5479712955
49,2016-01-30-46,1.0
50,2016-01-30-46,1.0
51,2016-01-30-46,53.5995569772
52,2016-01-30-46,1.0
53,2016-01-30-46,1.57421152954
54,2016-01-30-46,1.0
55,2016-01-30-46,1.0
56,2016-01-30-46,1.00034323898
57,2016-01-30-46,1.0
58,2016-01-30-46,1.74084583872
59,2016-01-30-46,1.0
60,2016-01-30-46,1.00034323898
61,2016-01-30-46,1.0
62,2016-01-30-46,1.0
63,2016-01-30-46,1.0
64,2016-01-30-46,1.0
65,2016-01-30-46,1.32554190096
66,2016-01-30-46,1.0
1,2016-01-30-58,2.98353096293
2,2016-01-30-58,1.0
3,2016-01-30-58,1.0
4,2016-01-30-58,1.0
5,2016-01-30-58,1.02080217439
6,2016-01-30-58,1.434230661
7,2016-01-30-58,5.65718836977
8,2016-01-30-58,70.9061188711
9,2016-01-30-58,1.0
10,2016-01-30-58,1.0
11,2016-01-30-58,1.00034323898
12,2016-01-30-58,1.00034323898
13,2016-01-30-58,1.32554190096
14,2016-01-30-58,6.6605328513
15,2016-01-30-58,1.0
16,2016-01-30-58,1.0
17,2016-01-30-58,1.0
18,2016-01-30-58,1.0
19,2016-01-30-58,3.68405422679
20,2016-01-30-58,1.93818070298
21,2016-01-30-58,1.0
22,2016-01-30-58,8.26089404913
23,2016-01-30-58,70.9061188711
24,2016-01-30-58,12.1618868404
25,2016-01-30-58,1.0
26,2016-01-30-58,6.26495060762
27,2016-01-30-58,7.37136123624
28,2016-01-30-58,4.33322747607
29,2016-01-30-58,1.93818070298
30,2016-01-30-58,1.0
31,2016-01-30-58,1.00034323898
32,2016-01-30-58,1.02080217439
33,2016-01-30-58,1.0
34,2016-01-30-58,1.0
35,2016-01-30-58,1.0
36,2016-01-30-58,1.0
37,2016-01-30-58,28.8032105073
38,2016-01-30-58,2.94355162705
39,2016-01-30-58,1.00034323898
40,2016-01-30-58,1.34600083638
41,2016-01-30-58,1.32554190096
42,2016-01-30-58,1.38787916814
43,2016-01-30-58,1.32554190096
44,2016-01-30-58,1.0
45,2016-01-30-58,1.32554190096
46,2016-01-30-58,101.164089892
47,2016-01-30-58,12.0148892323
48,2016-01-30-58,2.06190883943
49,2016-01-30-58,1.0
50,2016-01-30-58,1.0
51,2016-01-30-58,10.0602647528
52,2016-01-30-58,1.0
53,2016-01-30-58,1.0
54,2016-01-30-58,1.0
55,2016-01-30-58,1.0
56,2016-01-30-58,1.0
57,2016-01-30-58,1.0
58,2016-01-30-58,1.00034323898
59,2016-01-30-58,1.0
60,2016-01-30-58,1.0
61,2016-01-30-58,1.0
62,2016-01-30-58,1.75997964914
63,2016-01-30-58,1.0
64,2016-01-30-58,1.0
65,2016-01-30-58,1.0
66,2016-01-30-58,1.0
1,2016-01-30-70,1.0
2,2016-01-30-70,1.0
3,2016-01-30-70,1.0
4,2016-01-30-70,5.24772279943
5,2016-01-30-70,1.0
6,2016-01-30-70,1.71307783012
7,2016-01-30-70,28.9113110269
8,2016-01-30-70,180.704502363
9,2016-01-30-70,1.27919040809
10,2016-01-30-70,4.48808638926
11,2016-01-30-70,1.0
12,2016-01-30-70,2.61595244627
13,2016-01-30-70,1.74084583872
14,2016-01-30-70,16.9221858454
15,2016-01-30-70,1.0
16,2016-01-30-70,1.0
17,2016-01-30-70,1.02080217439
18,2016-01-30-70,2.21702787209
19,2016-01-30-70,1.0
20,2016-01-30-70,28.0346753526
21,2016-01-30-70,1.25197403204
22,2016-01-30-70,12.1618868404
23,2016-01-30-70,93.0708563775
24,2016-01-30-70,53.4437213187
25,2016-01-30-70,1.0
26,2016-01-30-70,11.7064238619
27,2016-01-30-70,5.24772279943
28,2016-01-30-70,5.1094159948
29,2016-01-30-70,12.0148892323
30,2016-01-30-70,1.0
31,2016-01-30-70,2.63151689034
32,2016-01-30-70,1.00034323898
33,2016-01-30-70,1.0
34,2016-01-30-70,1.0
35,2016-01-30-70,1.32554190096
36,2016-01-30-70,1.0
37,2016-01-30-70,149.967546311
38,2016-01-30-70,1.32554190096
39,2016-01-30-70,1.0
40,2016-01-30-70,3.17797573862
41,2016-01-30-70,1.93818070298
42,2016-01-30-70,13.7318441577
43,2016-01-30-70,1.32554190096
44,2016-01-30-70,1.0
45,2016-01-30-70,1.0
46,2016-01-30-70,78.1732883727
47,2016-01-30-70,4.00206581228
48,2016-01-30-70,4.79225982093
49,2016-01-30-70,1.0
50,2016-01-30-70,1.0
51,2016-01-30-70,6.30813601989
52,2016-01-30-70,1.0
53,2016-01-30-70,1.00034323898
54,2016-01-30-70,1.0
55,2016-01-30-70,1.0
56,2016-01-30-70,1.00034323898
57,2016-01-30-70,1.0
58,2016-01-30-70,1.0
59,2016-01-30-70,1.0
60,2016-01-30-70,1.0
61,2016-01-30-70,1.0
62,2016-01-30-70,1.10903199902
63,2016-01-30-70,1.0
64,2016-01-30-70,1.0
65,2016-01-30-70,1.0
66,2016-01-30-70,1.0
1,2016-01-30-82,3.79061454064
2,2016-01-30-82,1.0
3,2016-01-30-82,1.0
4,2016-01-30-82,6.30813601989
5,2016-01-30-82,2.37089216092
6,2016-01-30-82,1.49398290216
7,2016-01-30-82,74.554244045
8,2016-01-30-82,217.504640269
9,2016-01-30-82,1.93818070298
10,2016-01-30-82,1.10903199902
11,2016-01-30-82,1.60438907008
12,2016-01-30-82,1.02080217439
13,2016-01-30-82,1.0
14,2016-01-30-82,53.4437213187
15,2016-01-30-82,1.0
16,2016-01-30-82,4.32661878372
17,2016-01-30-82,1.0
18,2016-01-30-82,1.0
19,2016-01-30-82,1.0
20,2016-01-30-82,23.2039666062
21,2016-01-30-82,2.77932941799
22,2016-01-30-82,10.0602647528
23,2016-01-30-82,203.341622649
24,2016-01-30-82,63.1393309922
25,2016-01-30-82,1.0
26,2016-01-30-82,23.2039666062
27,2016-01-30-82,10.0602647528
28,2016-01-30-82,12.0148892323
29,2016-01-30-82,9.4578041662
30,2016-01-30-82,1.0
31,2016-01-30-82,1.612982041
32,2016-01-30-82,1.0
33,2016-01-30-82,1.0
34,2016-01-30-82,1.0
35,2016-01-30-82,1.30094730428
36,2016-01-30-82,1.0
37,2016-01-30-82,185.374371032
38,2016-01-30-82,1.89182921011
39,2016-01-30-82,1.0
40,2016-01-30-82,1.00034323898
41,2016-01-30-82,1.32554190096
42,2016-01-30-82,19.6356548636
43,2016-01-30-82,1.0
44,2016-01-30-82,1.00034323898
45,2016-01-30-82,1.0
46,2016-01-30-82,75.277956783
47,2016-01-30-82,1.89182921011
48,2016-01-30-82,32.4513356812
49,2016-01-30-82,1.0
50,2016-01-30-82,1.00034323898
51,2016-01-30-82,53.4437213187
52,2016-01-30-82,1.0
53,2016-01-30-82,1.89182921011
54,2016-01-30-82,1.0
55,2016-01-30-82,1.0
56,2016-01-30-82,2.37089216092
57,2016-01-30-82,1.0
58,2016-01-30-82,1.0
59,2016-01-30-82,1.0
60,2016-01-30-82,1.0
61,2016-01-30-82,1.0
62,2016-01-30-82,1.0
63,2016-01-30-82,1.00034323898
64,2016-01-30-82,1.0
65,2016-01-30-82,1.0
66,2016-01-30-82,1.0
1,2016-01-30-94,2.76480024706
2,2016-01-30-94,1.0
3,2016-01-30-94,1.0
4,2016-01-30-94,7.94885931241
5,2016-01-30-94,1.0
6,2016-01-30-94,2.12838176787
7,2016-01-30-94,74.554244045
8,2016-01-30-94,159.278121249
9,2016-01-30-94,1.0
10,2016-01-30-94,1.0
11,2016-01-30-94,1.0
12,2016-01-30-94,2.47958092096
13,2016-01-30-94,1.0
14,2016-01-30-94,13.7318441577
15,2016-01-30-94,1.0
16,2016-01-30-94,1.0
17,2016-01-30-94,1.0
18,2016-01-30-94,1.0
19,2016-01-30-94,1.0
20,2016-01-30-94,4.23838895909
21,2016-01-30-94,2.20064850852
22,2016-01-30-94,23.2039666062
23,2016-01-30-94,120.916924197
24,2016-01-30-94,12.1618868404
25,2016-01-30-94,1.0
26,2016-01-30-94,9.9132671447
27,2016-01-30-94,5.24772279943
28,2016-01-30-94,5.24772279943
29,2016-01-30-94,1.0
30,2016-01-30-94,1.0
31,2016-01-30-94,1.0
32,2016-01-30-94,1.27919040809
33,2016-01-30-94,1.74084583872
34,2016-01-30-94,1.74084583872
35,2016-01-30-94,2.63233180985
36,2016-01-30-94,1.00034323898
37,2016-01-30-94,53.4437213187
38,2016-01-30-94,1.0
39,2016-01-30-94,1.0
40,2016-01-30-94,1.0
41,2016-01-30-94,1.0
42,2016-01-30-94,4.21793002367
43,2016-01-30-94,1.00641222376
44,2016-01-30-94,1.0
45,2016-01-30-94,1.0
46,2016-01-30-94,2.63233180985
47,2016-01-30-94,1.0
48,2016-01-30-94,125.833141848
49,2016-01-30-94,1.0
50,2016-01-30-94,1.0
51,2016-01-30-94,269.597466698
52,2016-01-30-94,1.0
53,2016-01-30-94,1.0
54,2016-01-30-94,1.32554190096
55,2016-01-30-94,1.0
56,2016-01-30-94,1.0
57,2016-01-30-94,1.0
58,2016-01-30-94,1.00034323898
59,2016-01-30-94,1.0
60,2016-01-30-94,1.0
61,2016-01-30-94,1.0
62,2016-01-30-94,1.74084583872
63,2016-01-30-94,1.0
64,2016-01-30-94,1.0
65,2016-01-30-94,1.32554190096
66,2016-01-30-94,1.0
1,2016-01-30-106,8.54616206495
2,2016-01-30-106,1.78889010854
3,2016-01-30-106,1.0
4,2016-01-30-106,3.26812779052
5,2016-01-30-106,1.0
6,2016-01-30-106,1.0
7,2016-01-30-106,30.9439378487
8,2016-01-30-106,18.9548126672
9,2016-01-30-106,2.13454770593
10,2016-01-30-106,1.0
11,2016-01-30-106,1.78889010854
12,2016-01-30-106,4.33359960192
13,2016-01-30-106,1.78889010854
14,2016-01-30-106,18.9548126672
15,2016-01-30-106,1.0
16,2016-01-30-106,1.0
17,2016-01-30-106,1.0
18,2016-01-30-106,1.0
19,2016-01-30-106,3.94606367276
20,2016-01-30-106,1.0
21,2016-01-30-106,4.09453566123
22,2016-01-30-106,14.1945136622
23,2016-01-30-106,21.6682816854
24,2016-01-30-106,5.76959485942
25,2016-01-30-106,1.78889010854
26,2016-01-30-106,5.00647689323
27,2016-01-30-106,8.6931596731
28,2016-01-30-106,18.9548126672
29,2016-01-30-106,1.0
30,2016-01-30-106,1.0
31,2016-01-30-106,6.55116091078
32,2016-01-30-106,1.0
33,2016-01-30-106,2.11408325661
34,2016-01-30-106,1.0
35,2016-01-30-106,1.0
36,2016-01-30-106,1.0
37,2016-01-30-106,10.4405184791
38,2016-01-30-106,1.00641222376
39,2016-01-30-106,1.0
40,2016-01-30-106,2.11408877052
41,2016-01-30-106,1.0
42,2016-01-30-106,2.47559504886
43,2016-01-30-106,1.0
44,2016-01-30-106,2.52939270827
45,2016-01-30-106,1.0
46,2016-01-30-106,3.93761995718
47,2016-01-30-106,1.0
48,2016-01-30-106,389.978124138
49,2016-01-30-106,1.0
50,2016-01-30-106,1.0
51,2016-01-30-106,205.937248782
52,2016-01-30-106,1.0
53,2016-01-30-106,1.0
54,2016-01-30-106,1.0
55,2016-01-30-106,1.0
56,2016-01-30-106,1.00641222376
57,2016-01-30-106,1.0
58,2016-01-30-106,1.0
59,2016-01-30-106,1.78889010854
60,2016-01-30-106,1.0
61,2016-01-30-106,1.0
62,2016-01-30-106,1.0
63,2016-01-30-106,1.0
64,2016-01-30-106,1.0
65,2016-01-30-106,1.0
66,2016-01-30-106,1.78889010854
1,2016-01-30-118,6.35518239365
2,2016-01-30-118,1.0
3,2016-01-30-118,1.0
4,2016-01-30-118,1.80028678889
5,2016-01-30-118,1.0
6,2016-01-30-118,1.0
7,2016-01-30-118,4.17487462656
8,2016-01-30-118,6.50218000179
9,2016-01-30-118,1.0
10,2016-01-30-118,1.0
11,2016-01-30-118,1.20108966492
12,2016-01-30-118,1.15126299029
13,2016-01-30-118,1.0
14,2016-01-30-118,1.66274509554
15,2016-01-30-118,1.0
16,2016-01-30-118,1.0
17,2016-01-30-118,1.0
18,2016-01-30-118,1.0
19,2016-01-30-118,1.4750881269
20,2016-01-30-118,1.77982785347
21,2016-01-30-118,1.66274509554
22,2016-01-30-118,12.0035339909
23,2016-01-30-118,6.14978317039
24,2016-01-30-118,3.35826322915
25,2016-01-30-118,1.0
26,2016-01-30-118,2.48183257634
27,2016-01-30-118,6.14978317039
28,2016-01-30-118,5.69075082553
29,2016-01-30-118,1.03093125585
30,2016-01-30-118,1.0
31,2016-01-30-118,1.0
32,2016-01-30-118,1.0
33,2016-01-30-118,1.0
34,2016-01-30-118,1.0
35,2016-01-30-118,1.15126299029
36,2016-01-30-118,1.0
37,2016-01-30-118,2.78519877754
38,2016-01-30-118,1.0
39,2016-01-30-118,1.0
40,2016-01-30-118,1.0
41,2016-01-30-118,1.0
42,2016-01-30-118,1.46779311676
43,2016-01-30-118,1.0
44,2016-01-30-118,1.0
45,2016-01-30-118,1.0
46,2016-01-30-118,2.02636959784
47,2016-01-30-118,1.24744115779
48,2016-01-30-118,5.69432019189
49,2016-01-30-118,1.0
50,2016-01-30-118,1.0
51,2016-01-30-118,13.5734913081
52,2016-01-30-118,1.0
53,2016-01-30-118,1.0
54,2016-01-30-118,1.0
55,2016-01-30-118,1.10178593475
56,2016-01-30-118,1.26790009321
57,2016-01-30-118,1.0
58,2016-01-30-118,1.0
59,2016-01-30-118,1.0
60,2016-01-30-118,1.0
61,2016-01-30-118,1.0
62,2016-01-30-118,1.0
63,2016-01-30-118,1.0
64,2016-01-30-118,1.0
65,2016-01-30-118,1.24744115779
66,2016-01-30-118,1.0
1,2016-01-30-130,5.73544119253
2,2016-01-30-130,1.0
3,2016-01-30-130,1.66274509554
4,2016-01-30-130,3.52570137728
5,2016-01-30-130,1.0
6,2016-01-30-130,1.0
7,2016-01-30-130,42.613643426
8,2016-01-30-130,26.7401725634
9,2016-01-30-130,1.0
10,2016-01-30-130,1.0
11,2016-01-30-130,1.0
12,2016-01-30-130,3.07023839878
13,2016-01-30-130,1.0
14,2016-01-30-130,6.00278556224
15,2016-01-30-130,1.0
16,2016-01-30-130,1.0
17,2016-01-30-130,1.0
18,2016-01-30-130,1.0
19,2016-01-30-130,1.0
20,2016-01-30-130,2.29279141775
21,2016-01-30-130,1.20108966492
22,2016-01-30-130,16.7638329959
23,2016-01-30-130,23.0456137567
24,2016-01-30-130,2.40148017779
25,2016-01-30-130,1.0
26,2016-01-30-130,2.82517811342
27,2016-01-30-130,7.21300838673
28,2016-01-30-130,13.5734913081
29,2016-01-30-130,1.66274509554
30,2016-01-30-130,1.62208573505
31,2016-01-30-130,1.0
32,2016-01-30-130,1.0
33,2016-01-30-130,1.0
34,2016-01-30-130,1.0
35,2016-01-30-130,1.0
36,2016-01-30-130,1.0
37,2016-01-30-130,5.58768467843
38,2016-01-30-130,1.66274509554
39,2016-01-30-130,1.0
40,2016-01-30-130,1.0
41,2016-01-30-130,1.0
42,2016-01-30-130,1.46779311676
43,2016-01-30-130,1.0
44,2016-01-30-130,1.0
45,2016-01-30-130,1.0
46,2016-01-30-130,3.61180275571
47,2016-01-30-130,1.0
48,2016-01-30-130,73.0811700089
49,2016-01-30-130,1.0
50,2016-01-30-130,1.0
51,2016-01-30-130,891.026781592
52,2016-01-30-130,1.0
53,2016-01-30-130,1.0
54,2016-01-30-130,1.0
55,2016-01-30-130,1.0
56,2016-01-30-130,1.26790009321
57,2016-01-30-130,1.0
58,2016-01-30-130,1.0
59,2016-01-30-130,1.0
60,2016-01-30-130,4.51268504732
61,2016-01-30-130,1.0
62,2016-01-30-130,1.0
63,2016-01-30-130,1.0
64,2016-01-30-130,1.0
65,2016-01-30-130,1.0
66,2016-01-30-130,1.0
1,2016-01-30-142,11.8565363828
2,2016-01-30-142,1.0
3,2016-01-30-142,1.0
4,2016-01-30-142,1.15126299029
5,2016-01-30-142,1.0
6,2016-01-30-142,2.29279141775
7,2016-01-30-142,3.38824998427
8,2016-01-30-142,6.50218000179
9,2016-01-30-142,1.0
10,2016-01-30-142,1.0
11,2016-01-30-142,1.0
12,2016-01-30-142,4.9510631453
13,2016-01-30-142,1.0
14,2016-01-30-142,1.66274509554
15,2016-01-30-142,1.0
16,2016-01-30-142,1.0
17,2016-01-30-142,1.0
18,2016-01-30-142,1.0
19,2016-01-30-142,1.0
20,2016-01-30-142,2.57801074385
21,2016-01-30-142,1.0
22,2016-01-30-142,18.236277403
23,2016-01-30-142,16.7638329959
24,2016-01-30-142,1.45462919149
25,2016-01-30-142,1.16305339019
26,2016-01-30-142,1.0
27,2016-01-30-142,2.6803273469
28,2016-01-30-142,4.30274530763
29,2016-01-30-142,1.0
30,2016-01-30-142,1.0
31,2016-01-30-142,1.0
32,2016-01-30-142,1.0
33,2016-01-30-142,1.0
34,2016-01-30-142,1.0
35,2016-01-30-142,1.0
36,2016-01-30-142,1.0
37,2016-01-30-142,2.16194422363
38,2016-01-30-142,1.0
39,2016-01-30-142,1.0
40,2016-01-30-142,1.0
41,2016-01-30-142,1.0
42,2016-01-30-142,1.0
43,2016-01-30-142,1.0
44,2016-01-30-142,1.0
45,2016-01-30-142,1.0
46,2016-01-30-142,1.77143385559
47,2016-01-30-142,1.66274509554
48,2016-01-30-142,8.24953880777
49,2016-01-30-142,1.0
50,2016-01-30-142,1.0
51,2016-01-30-142,194.568673472
52,2016-01-30-142,1.0
53,2016-01-30-142,1.0
54,2016-01-30-142,1.0
55,2016-01-30-142,1.0
56,2016-01-30-142,1.0
57,2016-01-30-142,1.0
58,2016-01-30-142,1.0
59,2016-01-30-142,1.0
60,2016-01-30-142,1.0
61,2016-01-30-142,1.0
62,2016-01-30-142,1.0
63,2016-01-30-142,1.0
64,2016-01-30-142,1.0
65,2016-01-30-142,1.0
66,2016-01-30-142,1.0
